record_id,dataset,mix_id,mix_family,ref,temp_source,curing_type,curing_C,WC,cement,fly_ash,SCM_other,binder,Sa,RH,age_day,time_h,M_NS,t_eq,DD,f_c,fck,peakT,peak_day,maturity_provisional
1,lit55,LIT_wc50_C330_G0_F0,LIT_wc50_C330_G0_F0,Ryu et al. 2024,ambient,,5.0,0.5,330.0,0.0,0.0,330.0,50.0,95.0,9.88,237.12,3556.8,101.60799899893782,49.4,5.9,,,,False
2,lit55,LIT_wc50_C330_G0_F0,LIT_wc50_C330_G0_F0,Ryu et al. 2024,ambient,,5.0,0.5,330.0,0.0,0.0,330.0,50.0,95.0,22.42,538.08,8071.200000000001,230.5719977283589,112.10000000000001,10.1,,,,False
3,lit55,LIT_wc50_C330_G0_F0,LIT_wc50_C330_G0_F0,Ryu et al. 2024,ambient,,5.0,0.5,330.0,0.0,0.0,330.0,50.0,95.0,31.439999999999998,754.56,11318.4,323.3355757618021,157.2,12.0,,,,False
4,lit55,LIT_wc50_C330_G0_F0,LIT_wc50_C330_G0_F0,Ryu et al. 2024,ambient,,5.0,0.5,330.0,0.0,0.0,330.0,50.0,95.0,43.63999999999999,1047.36,15710.399999999998,448.80294294672524,218.19999999999996,13.8,,,,False
5,lit55,LIT_wc50_C330_G0_F0,LIT_wc50_C330_G0_F0,Ryu et al. 2024,ambient,,5.0,0.5,330.0,0.0,0.0,330.0,50.0,95.0,153.98,3695.52,55432.8,1583.5627212405307,769.9,23.3,,,,False
6,lit55,LIT_wc45_C370_G0_F0,LIT_wc45_C370_G0_F0,Ryu et al. 2024,ambient,,5.0,0.45,370.0,0.0,0.0,370.0,49.5,95.0,10.02,240.48,3607.2,103.04778845843693,50.099999999999994,7.4,,,,False
7,lit55,LIT_wc45_C370_G0_F0,LIT_wc45_C370_G0_F0,Ryu et al. 2024,ambient,,5.0,0.45,370.0,0.0,0.0,370.0,49.5,95.0,22.560000000000002,541.44,8121.6,232.011787187858,112.80000000000001,14.1,,,,False
8,lit55,LIT_wc45_C370_G0_F0,LIT_wc45_C370_G0_F0,Ryu et al. 2024,ambient,,5.0,0.45,370.0,0.0,0.0,370.0,49.5,95.0,31.38,753.12,11296.8,322.71852313630245,156.9,17.5,,,,False
9,lit55,LIT_wc45_C370_G0_F0,LIT_wc45_C370_G0_F0,Ryu et al. 2024,ambient,,5.0,0.45,370.0,0.0,0.0,370.0,49.5,95.0,43.72,1049.28,15739.199999999999,449.6256797807248,218.6,20.1,,,,False
10,lit55,LIT_wc45_C370_G0_F0,LIT_wc45_C370_G0_F0,Ryu et al. 2024,ambient,,5.0,0.45,370.0,0.0,0.0,370.0,49.5,95.0,153.22,3677.28,55159.200000000004,1575.7467213175357,766.1,28.9,,,,False
11,lit55,LIT_wc41_C410_G0_F0,LIT_wc41_C410_G0_F0,Ryu et al. 2024,ambient,,5.0,0.41,410.0,0.0,0.0,410.0,49.0,95.0,10.28,246.72,3700.8,105.72168316893529,51.4,8.1,,,,False
12,lit55,LIT_wc41_C410_G0_F0,LIT_wc41_C410_G0_F0,Ryu et al. 2024,ambient,,5.0,0.41,410.0,0.0,0.0,410.0,49.0,95.0,22.28,534.72,8020.8,229.13220826885976,111.40000000000002,16.3,,,,False
13,lit55,LIT_wc41_C410_G0_F0,LIT_wc41_C410_G0_F0,Ryu et al. 2024,ambient,,5.0,0.41,410.0,0.0,0.0,410.0,49.0,95.0,31.48,755.52,11332.8,323.7469441788018,157.4,19.3,,,,False
14,lit55,LIT_wc41_C410_G0_F0,LIT_wc41_C410_G0_F0,Ryu et al. 2024,ambient,,5.0,0.41,410.0,0.0,0.0,410.0,49.0,95.0,43.66,1047.84,15717.599999999999,449.00862715522516,218.29999999999998,23.0,,,,False
15,lit55,LIT_wc41_C410_G0_F0,LIT_wc41_C410_G0_F0,Ryu et al. 2024,ambient,,5.0,0.41,410.0,0.0,0.0,410.0,49.0,95.0,157.0,3768.0,56520.0,1614.6210367240117,785.0,36.0,,,,False
16,lit55,LIT_wc55_C349_G0_F62,LIT_wc55_C349_G0_F62,Ryu et al. 2024,ambient,,5.0,0.55,349.0,62.0,0.0,411.0,49.0,95.0,9.88,237.12,3556.8,101.60799899893782,49.4,3.8,,,,False
17,lit55,LIT_wc55_C349_G0_F62,LIT_wc55_C349_G0_F62,Ryu et al. 2024,ambient,,5.0,0.55,349.0,62.0,0.0,411.0,49.0,95.0,21.439999999999998,514.56,7718.4,220.493471511865,107.19999999999999,9.4,,,,False
18,lit55,LIT_wc55_C349_G0_F62,LIT_wc55_C349_G0_F62,Ryu et al. 2024,ambient,,5.0,0.55,349.0,62.0,0.0,411.0,49.0,95.0,30.34,728.16,10922.4,312.022944294309,151.7,11.8,,,,False
19,lit55,LIT_wc55_C349_G0_F62,LIT_wc55_C349_G0_F62,Ryu et al. 2024,ambient,,5.0,0.55,349.0,62.0,0.0,411.0,49.0,95.0,42.1,1010.4,15156.0,432.965258892235,210.5,16.0,,,,False
20,lit55,LIT_wc55_C349_G0_F62,LIT_wc55_C349_G0_F62,Ryu et al. 2024,ambient,,5.0,0.55,349.0,62.0,0.0,411.0,49.0,95.0,148.17999999999998,3556.3199999999997,53344.799999999996,1523.9143007755672,740.9,24.6,,,,False
21,lit55,LIT_wc55_C287_G0_F123,LIT_wc55_C287_G0_F123,Ryu et al. 2024,ambient,,5.0,0.55,287.0,123.0,0.0,410.0,49.0,95.0,9.86,236.64,3549.6,101.40231479043793,49.29999999999999,3.6,,,,False
22,lit55,LIT_wc55_C287_G0_F123,LIT_wc55_C287_G0_F123,Ryu et al. 2024,ambient,,5.0,0.55,287.0,123.0,0.0,410.0,49.0,95.0,21.400000000000002,513.6,7704.0,220.08210309486532,107.0,8.0,,,,False
23,lit55,LIT_wc55_C287_G0_F123,LIT_wc55_C287_G0_F123,Ryu et al. 2024,ambient,,5.0,0.55,287.0,123.0,0.0,410.0,49.0,95.0,30.28,726.72,10900.800000000001,311.40589166880943,151.4,10.6,,,,False
24,lit55,LIT_wc55_C287_G0_F123,LIT_wc55_C287_G0_F123,Ryu et al. 2024,ambient,,5.0,0.55,287.0,123.0,0.0,410.0,49.0,95.0,42.02,1008.48,15127.2,432.1425220582355,210.1,13.5,,,,False
25,lit55,LIT_wc55_C287_G0_F123,LIT_wc55_C287_G0_F123,Ryu et al. 2024,ambient,,5.0,0.55,287.0,123.0,0.0,410.0,49.0,95.0,147.88,3549.12,53236.799999999996,1520.829037648069,739.4,23.0,,,,False
26,lit55,LIT_wc50_C330_G0_F0,LIT_wc50_C330_G0_F0,Ryu et al. 2024,ambient,,20.0,0.5,330.0,0.0,0.0,330.0,50.0,95.0,1.68,40.32,1209.6,40.32,33.6,7.8,,,,False
27,lit55,LIT_wc50_C330_G0_F0,LIT_wc50_C330_G0_F0,Ryu et al. 2024,ambient,,20.0,0.5,330.0,0.0,0.0,330.0,50.0,95.0,3.24,77.76,2332.8,77.76,64.8,10.9,,,,False
28,lit55,LIT_wc50_C330_G0_F0,LIT_wc50_C330_G0_F0,Ryu et al. 2024,ambient,,20.0,0.5,330.0,0.0,0.0,330.0,50.0,95.0,4.735,113.64,3409.2,113.64,94.7,12.9,,,,False
29,lit55,LIT_wc50_C330_G0_F0,LIT_wc50_C330_G0_F0,Ryu et al. 2024,ambient,,20.0,0.5,330.0,0.0,0.0,330.0,50.0,95.0,10.87,260.88,7826.4,260.88,217.4,17.3,,,,False
30,lit55,LIT_wc50_C330_G0_F0,LIT_wc50_C330_G0_F0,Ryu et al. 2024,ambient,,20.0,0.5,330.0,0.0,0.0,330.0,50.0,95.0,43.695,1048.68,31460.4,1048.68,873.9000000000001,24.5,,,,False
31,lit55,LIT_wc45_C370_G0_F0,LIT_wc45_C370_G0_F0,Ryu et al. 2024,ambient,,20.0,0.45,370.0,0.0,0.0,370.0,49.5,95.0,1.695,40.68,1220.4,40.68,33.9,9.1,,,,False
32,lit55,LIT_wc45_C370_G0_F0,LIT_wc45_C370_G0_F0,Ryu et al. 2024,ambient,,20.0,0.45,370.0,0.0,0.0,370.0,49.5,95.0,3.27,78.48,2354.4,78.48,65.4,14.5,,,,False
33,lit55,LIT_wc45_C370_G0_F0,LIT_wc45_C370_G0_F0,Ryu et al. 2024,ambient,,20.0,0.45,370.0,0.0,0.0,370.0,49.5,95.0,4.78,114.72,3441.6,114.72,95.60000000000001,17.1,,,,False
34,lit55,LIT_wc45_C370_G0_F0,LIT_wc45_C370_G0_F0,Ryu et al. 2024,ambient,,20.0,0.45,370.0,0.0,0.0,370.0,49.5,95.0,10.955,262.92,7887.6,262.92,219.10000000000002,22.6,,,,False
35,lit55,LIT_wc45_C370_G0_F0,LIT_wc45_C370_G0_F0,Ryu et al. 2024,ambient,,20.0,0.45,370.0,0.0,0.0,370.0,49.5,95.0,43.845,1052.28,31568.399999999998,1052.28,876.9,30.2,,,,False
36,lit55,LIT_wc41_C410_G0_F0,LIT_wc41_C410_G0_F0,Ryu et al. 2024,ambient,,20.0,0.41,410.0,0.0,0.0,410.0,49.0,95.0,1.705,40.92,1227.6000000000001,40.92,34.1,12.4,,,,False
37,lit55,LIT_wc41_C410_G0_F0,LIT_wc41_C410_G0_F0,Ryu et al. 2024,ambient,,20.0,0.41,410.0,0.0,0.0,410.0,49.0,95.0,3.25,78.0,2340.0,78.0,65.0,16.9,,,,False
38,lit55,LIT_wc41_C410_G0_F0,LIT_wc41_C410_G0_F0,Ryu et al. 2024,ambient,,20.0,0.41,410.0,0.0,0.0,410.0,49.0,95.0,4.795,115.08,3452.4,115.08,95.89999999999999,20.5,,,,False
39,lit55,LIT_wc41_C410_G0_F0,LIT_wc41_C410_G0_F0,Ryu et al. 2024,ambient,,20.0,0.41,410.0,0.0,0.0,410.0,49.0,95.0,11.315,271.56,8146.8,271.56,226.29999999999998,26.9,,,,False
40,lit55,LIT_wc41_C410_G0_F0,LIT_wc41_C410_G0_F0,Ryu et al. 2024,ambient,,20.0,0.41,410.0,0.0,0.0,410.0,49.0,95.0,44.13999999999999,1059.36,31780.799999999996,1059.36,882.7999999999998,35.6,,,,False
41,lit55,LIT_wc50_C330_G0_F0,LIT_wc50_C330_G0_F0,Ryu et al. 2024,ambient,,40.0,0.5,330.0,0.0,0.0,330.0,50.0,95.0,1.2725,30.54,1527.0,83.3187631141914,50.9,10.4,,,,False
42,lit55,LIT_wc50_C330_G0_F0,LIT_wc50_C330_G0_F0,Ryu et al. 2024,ambient,,40.0,0.5,330.0,0.0,0.0,330.0,50.0,95.0,2.5325,60.78,3039.0,165.81907079504103,101.3,12.8,,,,False
43,lit55,LIT_wc50_C330_G0_F0,LIT_wc50_C330_G0_F0,Ryu et al. 2024,ambient,,40.0,0.5,330.0,0.0,0.0,330.0,50.0,95.0,3.795,91.08,4554.0,248.483069562559,151.79999999999998,15.4,,,,False
44,lit55,LIT_wc50_C330_G0_F0,LIT_wc50_C330_G0_F0,Ryu et al. 2024,ambient,,40.0,0.5,330.0,0.0,0.0,330.0,50.0,95.0,5.055,121.32,6066.0,330.98337724340865,202.19999999999996,17.0,,,,False
45,lit55,LIT_wc50_C330_G0_F0,LIT_wc50_C330_G0_F0,Ryu et al. 2024,ambient,,40.0,0.5,330.0,0.0,0.0,330.0,50.0,95.0,17.695,424.68,21234.0,1158.6055114385986,707.8000000000001,20.7,,,,False
46,lit55,LIT_wc45_C370_G0_F0,LIT_wc45_C370_G0_F0,Ryu et al. 2024,ambient,,40.0,0.45,370.0,0.0,0.0,370.0,49.5,95.0,1.27,30.48,1524.0,83.15507202752305,50.800000000000004,12.5,,,,False
47,lit55,LIT_wc45_C370_G0_F0,LIT_wc45_C370_G0_F0,Ryu et al. 2024,ambient,,40.0,0.45,370.0,0.0,0.0,370.0,49.5,95.0,2.3575,56.58,2829.0,154.36069472825636,94.3,16.0,,,,False
48,lit55,LIT_wc45_C370_G0_F0,LIT_wc45_C370_G0_F0,Ryu et al. 2024,ambient,,40.0,0.45,370.0,0.0,0.0,370.0,49.5,95.0,3.485,83.64,4182.0,228.1853748156833,139.4,18.4,,,,False
49,lit55,LIT_wc45_C370_G0_F0,LIT_wc45_C370_G0_F0,Ryu et al. 2024,ambient,,40.0,0.45,370.0,0.0,0.0,370.0,49.5,95.0,4.63,111.12,5556.0,303.1558925097887,185.20000000000002,20.6,,,,False
50,lit55,LIT_wc45_C370_G0_F0,LIT_wc45_C370_G0_F0,Ryu et al. 2024,ambient,,40.0,0.45,370.0,0.0,0.0,370.0,49.5,95.0,17.21,413.04,20652.0,1126.8494406249383,688.4000000000001,25.5,,,,False
51,lit55,LIT_wc41_C410_G0_F0,LIT_wc41_C410_G0_F0,Ryu et al. 2024,ambient,,40.0,0.41,410.0,0.0,0.0,410.0,49.0,95.0,1.3399999999999999,32.16,1607.9999999999998,87.7384224542369,53.599999999999994,15.7,,,,False
52,lit55,LIT_wc41_C410_G0_F0,LIT_wc41_C410_G0_F0,Ryu et al. 2024,ambient,,40.0,0.41,410.0,0.0,0.0,410.0,49.0,95.0,2.6125000000000003,62.7,3135.0,171.0571855684283,104.5,20.2,,,,False
53,lit55,LIT_wc41_C410_G0_F0,LIT_wc41_C410_G0_F0,Ryu et al. 2024,ambient,,40.0,0.41,410.0,0.0,0.0,410.0,49.0,95.0,3.8800000000000003,93.12,4656.0,254.048566509283,155.20000000000002,22.3,,,,False
54,lit55,LIT_wc41_C410_G0_F0,LIT_wc41_C410_G0_F0,Ryu et al. 2024,ambient,,40.0,0.41,410.0,0.0,0.0,410.0,49.0,95.0,5.1425,123.42,6171.0,336.712565276801,205.70000000000002,24.0,,,,False
55,lit55,LIT_wc41_C410_G0_F0,LIT_wc41_C410_G0_F0,Ryu et al. 2024,ambient,,40.0,0.41,410.0,0.0,0.0,410.0,49.0,95.0,17.8325,427.98,21399.0,1167.608521205358,713.3000000000001,34.8,,,,False
56,lit119,LIT_wc50_C330_G0_F0,LIT_wc50_C330_G0_F0,Ryu et al. 2024,ambient,,5.0,0.5,330.0,0.0,0.0,330.0,50.0,95.0,9.88,237.12,3556.8,101.60799899893782,49.4,5.9,,,,False
57,lit119,LIT_wc50_C330_G0_F0,LIT_wc50_C330_G0_F0,Ryu et al. 2024,ambient,,5.0,0.5,330.0,0.0,0.0,330.0,50.0,95.0,22.42,538.08,8071.200000000001,230.5719977283589,112.10000000000001,10.1,,,,False
58,lit119,LIT_wc50_C330_G0_F0,LIT_wc50_C330_G0_F0,Ryu et al. 2024,ambient,,5.0,0.5,330.0,0.0,0.0,330.0,50.0,95.0,31.439999999999998,754.56,11318.4,323.3355757618021,157.2,12.0,,,,False
59,lit119,LIT_wc50_C330_G0_F0,LIT_wc50_C330_G0_F0,Ryu et al. 2024,ambient,,5.0,0.5,330.0,0.0,0.0,330.0,50.0,95.0,43.63999999999999,1047.36,15710.399999999998,448.80294294672524,218.19999999999996,13.8,,,,False
60,lit119,LIT_wc50_C330_G0_F0,LIT_wc50_C330_G0_F0,Ryu et al. 2024,ambient,,5.0,0.5,330.0,0.0,0.0,330.0,50.0,95.0,153.98,3695.52,55432.8,1583.5627212405307,769.9,23.3,,,,False
61,lit119,LIT_wc45_C370_G0_F0,LIT_wc45_C370_G0_F0,Ryu et al. 2024,ambient,,5.0,0.45,370.0,0.0,0.0,370.0,49.5,95.0,10.02,240.48,3607.2,103.04778845843693,50.099999999999994,7.4,,,,False
62,lit119,LIT_wc45_C370_G0_F0,LIT_wc45_C370_G0_F0,Ryu et al. 2024,ambient,,5.0,0.45,370.0,0.0,0.0,370.0,49.5,95.0,22.560000000000002,541.44,8121.6,232.011787187858,112.80000000000001,14.1,,,,False
63,lit119,LIT_wc45_C370_G0_F0,LIT_wc45_C370_G0_F0,Ryu et al. 2024,ambient,,5.0,0.45,370.0,0.0,0.0,370.0,49.5,95.0,31.38,753.12,11296.8,322.71852313630245,156.9,17.5,,,,False
64,lit119,LIT_wc45_C370_G0_F0,LIT_wc45_C370_G0_F0,Ryu et al. 2024,ambient,,5.0,0.45,370.0,0.0,0.0,370.0,49.5,95.0,43.72,1049.28,15739.199999999999,449.6256797807248,218.6,20.1,,,,False
65,lit119,LIT_wc45_C370_G0_F0,LIT_wc45_C370_G0_F0,Ryu et al. 2024,ambient,,5.0,0.45,370.0,0.0,0.0,370.0,49.5,95.0,153.22,3677.28,55159.200000000004,1575.7467213175357,766.1,28.9,,,,False
66,lit119,LIT_wc41_C410_G0_F0,LIT_wc41_C410_G0_F0,Ryu et al. 2024,ambient,,5.0,0.41,410.0,0.0,0.0,410.0,49.0,95.0,10.28,246.72,3700.8,105.72168316893529,51.4,8.1,,,,False
67,lit119,LIT_wc41_C410_G0_F0,LIT_wc41_C410_G0_F0,Ryu et al. 2024,ambient,,5.0,0.41,410.0,0.0,0.0,410.0,49.0,95.0,22.28,534.72,8020.8,229.13220826885976,111.40000000000002,16.3,,,,False
68,lit119,LIT_wc41_C410_G0_F0,LIT_wc41_C410_G0_F0,Ryu et al. 2024,ambient,,5.0,0.41,410.0,0.0,0.0,410.0,49.0,95.0,31.48,755.52,11332.8,323.7469441788018,157.4,19.3,,,,False
69,lit119,LIT_wc41_C410_G0_F0,LIT_wc41_C410_G0_F0,Ryu et al. 2024,ambient,,5.0,0.41,410.0,0.0,0.0,410.0,49.0,95.0,43.66,1047.84,15717.599999999999,449.00862715522516,218.29999999999998,23.0,,,,False
70,lit119,LIT_wc41_C410_G0_F0,LIT_wc41_C410_G0_F0,Ryu et al. 2024,ambient,,5.0,0.41,410.0,0.0,0.0,410.0,49.0,95.0,157.0,3768.0,56520.0,1614.6210367240117,785.0,36.0,,,,False
71,lit119,LIT_wc55_C308_G103_F0,LIT_wc55_C308_G103_F0,Ryu et al. 2024,ambient,,5.0,0.55,308.0,0.0,103.0,411.0,49.0,95.0,9.9,237.6,3564.0,101.81368320743768,49.5,6.9,,,,False
72,lit119,LIT_wc55_C308_G103_F0,LIT_wc55_C308_G103_F0,Ryu et al. 2024,ambient,,5.0,0.55,308.0,0.0,103.0,411.0,49.0,95.0,21.5,516.0,7740.0,221.11052413736468,107.5,10.6,,,,False
73,lit119,LIT_wc55_C308_G103_F0,LIT_wc55_C308_G103_F0,Ryu et al. 2024,ambient,,5.0,0.55,308.0,0.0,103.0,411.0,49.0,95.0,30.400000000000002,729.6,10944.0,312.63999691980865,152.0,13.2,,,,False
74,lit119,LIT_wc55_C308_G103_F0,LIT_wc55_C308_G103_F0,Ryu et al. 2024,ambient,,5.0,0.55,308.0,0.0,103.0,411.0,49.0,95.0,42.199999999999996,1012.8,15192.0,433.99367993473436,211.0,17.4,,,,False
75,lit119,LIT_wc55_C308_G103_F0,LIT_wc55_C308_G103_F0,Ryu et al. 2024,ambient,,5.0,0.55,308.0,0.0,103.0,411.0,49.0,95.0,148.48,3563.52,53452.8,1526.9995639030653,742.4,32.4,,,,False
76,lit119,LIT_wc55_C205_G205_F0,LIT_wc55_C205_G205_F0,Ryu et al. 2024,ambient,,5.0,0.55,205.0,0.0,205.0,410.0,49.0,95.0,9.94,238.56,3578.4,102.22505162443743,49.699999999999996,5.5,,,,False
77,lit119,LIT_wc55_C205_G205_F0,LIT_wc55_C205_G205_F0,Ryu et al. 2024,ambient,,5.0,0.55,205.0,0.0,205.0,410.0,49.0,95.0,21.540000000000003,516.96,7754.400000000001,221.52189255436443,107.7,7.8,,,,False
78,lit119,LIT_wc55_C205_G205_F0,LIT_wc55_C205_G205_F0,Ryu et al. 2024,ambient,,5.0,0.55,205.0,0.0,205.0,410.0,49.0,95.0,30.48,731.52,10972.8,313.46273375380815,152.4,12.3,,,,False
79,lit119,LIT_wc55_C205_G205_F0,LIT_wc55_C205_G205_F0,Ryu et al. 2024,ambient,,5.0,0.55,205.0,0.0,205.0,410.0,49.0,95.0,42.300000000000004,1015.2,15228.0,435.0221009772338,211.5,16.3,,,,False
80,lit119,LIT_wc55_C205_G205_F0,LIT_wc55_C205_G205_F0,Ryu et al. 2024,ambient,,5.0,0.55,205.0,0.0,205.0,410.0,49.0,95.0,148.84,3572.16,53582.399999999994,1530.701879656063,744.1999999999999,29.2,,,,False
81,lit119,LIT_wc55_C349_G0_F62,LIT_wc55_C349_G0_F62,Ryu et al. 2024,ambient,,5.0,0.55,349.0,62.0,0.0,411.0,49.0,95.0,9.88,237.12,3556.8,101.60799899893782,49.4,3.8,,,,False
82,lit119,LIT_wc55_C349_G0_F62,LIT_wc55_C349_G0_F62,Ryu et al. 2024,ambient,,5.0,0.55,349.0,62.0,0.0,411.0,49.0,95.0,21.439999999999998,514.56,7718.4,220.493471511865,107.19999999999999,9.4,,,,False
83,lit119,LIT_wc55_C349_G0_F62,LIT_wc55_C349_G0_F62,Ryu et al. 2024,ambient,,5.0,0.55,349.0,62.0,0.0,411.0,49.0,95.0,30.34,728.16,10922.4,312.022944294309,151.7,11.8,,,,False
84,lit119,LIT_wc55_C349_G0_F62,LIT_wc55_C349_G0_F62,Ryu et al. 2024,ambient,,5.0,0.55,349.0,62.0,0.0,411.0,49.0,95.0,42.1,1010.4,15156.0,432.965258892235,210.5,16.0,,,,False
85,lit119,LIT_wc55_C349_G0_F62,LIT_wc55_C349_G0_F62,Ryu et al. 2024,ambient,,5.0,0.55,349.0,62.0,0.0,411.0,49.0,95.0,148.17999999999998,3556.3199999999997,53344.799999999996,1523.9143007755672,740.9,24.6,,,,False
86,lit119,LIT_wc55_C287_G0_F123,LIT_wc55_C287_G0_F123,Ryu et al. 2024,ambient,,5.0,0.55,287.0,123.0,0.0,410.0,49.0,95.0,9.86,236.64,3549.6,101.40231479043793,49.29999999999999,3.6,,,,False
87,lit119,LIT_wc55_C287_G0_F123,LIT_wc55_C287_G0_F123,Ryu et al. 2024,ambient,,5.0,0.55,287.0,123.0,0.0,410.0,49.0,95.0,21.400000000000002,513.6,7704.0,220.08210309486532,107.0,8.0,,,,False
88,lit119,LIT_wc55_C287_G0_F123,LIT_wc55_C287_G0_F123,Ryu et al. 2024,ambient,,5.0,0.55,287.0,123.0,0.0,410.0,49.0,95.0,30.28,726.72,10900.800000000001,311.40589166880943,151.4,10.6,,,,False
89,lit119,LIT_wc55_C287_G0_F123,LIT_wc55_C287_G0_F123,Ryu et al. 2024,ambient,,5.0,0.55,287.0,123.0,0.0,410.0,49.0,95.0,42.02,1008.48,15127.2,432.1425220582355,210.1,13.5,,,,False
90,lit119,LIT_wc55_C287_G0_F123,LIT_wc55_C287_G0_F123,Ryu et al. 2024,ambient,,5.0,0.55,287.0,123.0,0.0,410.0,49.0,95.0,147.88,3549.12,53236.799999999996,1520.829037648069,739.4,23.0,,,,False
91,lit119,LIT_wc50_C330_G0_F0,LIT_wc50_C330_G0_F0,Ryu et al. 2024,ambient,,20.0,0.5,330.0,0.0,0.0,330.0,50.0,95.0,1.68,40.32,1209.6,40.32,33.6,7.8,,,,False
92,lit119,LIT_wc50_C330_G0_F0,LIT_wc50_C330_G0_F0,Ryu et al. 2024,ambient,,20.0,0.5,330.0,0.0,0.0,330.0,50.0,95.0,3.24,77.76,2332.8,77.76,64.8,10.9,,,,False
93,lit119,LIT_wc50_C330_G0_F0,LIT_wc50_C330_G0_F0,Ryu et al. 2024,ambient,,20.0,0.5,330.0,0.0,0.0,330.0,50.0,95.0,4.735,113.64,3409.2,113.64,94.7,12.9,,,,False
94,lit119,LIT_wc50_C330_G0_F0,LIT_wc50_C330_G0_F0,Ryu et al. 2024,ambient,,20.0,0.5,330.0,0.0,0.0,330.0,50.0,95.0,10.87,260.88,7826.4,260.88,217.4,17.3,,,,False
95,lit119,LIT_wc50_C330_G0_F0,LIT_wc50_C330_G0_F0,Ryu et al. 2024,ambient,,20.0,0.5,330.0,0.0,0.0,330.0,50.0,95.0,43.695,1048.68,31460.4,1048.68,873.9000000000001,24.5,,,,False
96,lit119,LIT_wc45_C370_G0_F0,LIT_wc45_C370_G0_F0,Ryu et al. 2024,ambient,,20.0,0.45,370.0,0.0,0.0,370.0,49.5,95.0,1.695,40.68,1220.4,40.68,33.9,9.1,,,,False
97,lit119,LIT_wc45_C370_G0_F0,LIT_wc45_C370_G0_F0,Ryu et al. 2024,ambient,,20.0,0.45,370.0,0.0,0.0,370.0,49.5,95.0,3.27,78.48,2354.4,78.48,65.4,14.5,,,,False
98,lit119,LIT_wc45_C370_G0_F0,LIT_wc45_C370_G0_F0,Ryu et al. 2024,ambient,,20.0,0.45,370.0,0.0,0.0,370.0,49.5,95.0,4.78,114.72,3441.6,114.72,95.60000000000001,17.1,,,,False
99,lit119,LIT_wc45_C370_G0_F0,LIT_wc45_C370_G0_F0,Ryu et al. 2024,ambient,,20.0,0.45,370.0,0.0,0.0,370.0,49.5,95.0,10.955,262.92,7887.6,262.92,219.10000000000002,22.6,,,,False
100,lit119,LIT_wc45_C370_G0_F0,LIT_wc45_C370_G0_F0,Ryu et al. 2024,ambient,,20.0,0.45,370.0,0.0,0.0,370.0,49.5,95.0,43.845,1052.28,31568.399999999998,1052.28,876.9,30.2,,,,False
101,lit119,LIT_wc41_C410_G0_F0,LIT_wc41_C410_G0_F0,Ryu et al. 2024,ambient,,20.0,0.41,410.0,0.0,0.0,410.0,49.0,95.0,1.705,40.92,1227.6000000000001,40.92,34.1,12.4,,,,False
102,lit119,LIT_wc41_C410_G0_F0,LIT_wc41_C410_G0_F0,Ryu et al. 2024,ambient,,20.0,0.41,410.0,0.0,0.0,410.0,49.0,95.0,3.25,78.0,2340.0,78.0,65.0,16.9,,,,False
103,lit119,LIT_wc41_C410_G0_F0,LIT_wc41_C410_G0_F0,Ryu et al. 2024,ambient,,20.0,0.41,410.0,0.0,0.0,410.0,49.0,95.0,4.795,115.08,3452.4,115.08,95.89999999999999,20.5,,,,False
104,lit119,LIT_wc41_C410_G0_F0,LIT_wc41_C410_G0_F0,Ryu et al. 2024,ambient,,20.0,0.41,410.0,0.0,0.0,410.0,49.0,95.0,11.315,271.56,8146.8,271.56,226.29999999999998,26.9,,,,False
105,lit119,LIT_wc41_C410_G0_F0,LIT_wc41_C410_G0_F0,Ryu et al. 2024,ambient,,20.0,0.41,410.0,0.0,0.0,410.0,49.0,95.0,44.13999999999999,1059.36,31780.799999999996,1059.36,882.7999999999998,35.6,,,,False
106,lit119,LIT_wc55_C308_G103_F0,LIT_wc55_C308_G103_F0,Ryu et al. 2024,ambient,,20.0,0.55,308.0,0.0,103.0,411.0,49.0,95.0,1.7149999999999999,41.16,1234.8,41.16,34.3,7.0,,,,False
107,lit119,LIT_wc55_C308_G103_F0,LIT_wc55_C308_G103_F0,Ryu et al. 2024,ambient,,20.0,0.55,308.0,0.0,103.0,411.0,49.0,95.0,3.3049999999999997,79.32,2379.6,79.32,66.1,11.6,,,,False
108,lit119,LIT_wc55_C308_G103_F0,LIT_wc55_C308_G103_F0,Ryu et al. 2024,ambient,,20.0,0.55,308.0,0.0,103.0,411.0,49.0,95.0,4.83,115.92,3477.6,115.92,96.60000000000001,15.4,,,,False
109,lit119,LIT_wc55_C308_G103_F0,LIT_wc55_C308_G103_F0,Ryu et al. 2024,ambient,,20.0,0.55,308.0,0.0,103.0,411.0,49.0,95.0,11.090000000000002,266.16,7984.800000000001,266.16,221.80000000000004,23.6,,,,False
110,lit119,LIT_wc55_C308_G103_F0,LIT_wc55_C308_G103_F0,Ryu et al. 2024,ambient,,20.0,0.55,308.0,0.0,103.0,411.0,49.0,95.0,44.57,1069.68,32090.4,1069.68,891.4000000000001,33.7,,,,False
111,lit119,LIT_wc55_C205_G205_F0,LIT_wc55_C205_G205_F0,Ryu et al. 2024,ambient,,20.0,0.55,205.0,0.0,205.0,410.0,49.0,95.0,1.7300000000000002,41.52,1245.6000000000001,41.52,34.6,7.8,,,,False
112,lit119,LIT_wc55_C205_G205_F0,LIT_wc55_C205_G205_F0,Ryu et al. 2024,ambient,,20.0,0.55,205.0,0.0,205.0,410.0,49.0,95.0,3.3350000000000004,80.04,2401.2000000000003,80.04,66.7,13.0,,,,False
113,lit119,LIT_wc55_C205_G205_F0,LIT_wc55_C205_G205_F0,Ryu et al. 2024,ambient,,20.0,0.55,205.0,0.0,205.0,410.0,49.0,95.0,4.875,117.0,3510.0,117.0,97.5,15.3,,,,False
114,lit119,LIT_wc55_C205_G205_F0,LIT_wc55_C205_G205_F0,Ryu et al. 2024,ambient,,20.0,0.55,205.0,0.0,205.0,410.0,49.0,95.0,11.174999999999999,268.2,8046.0,268.2,223.5,19.8,,,,False
115,lit119,LIT_wc55_C205_G205_F0,LIT_wc55_C205_G205_F0,Ryu et al. 2024,ambient,,20.0,0.55,205.0,0.0,205.0,410.0,49.0,95.0,44.72,1073.28,32198.399999999998,1073.28,894.4,30.3,,,,False
116,lit119,LIT_wc55_C349_G0_F62,LIT_wc55_C349_G0_F62,Ryu et al. 2024,ambient,,20.0,0.55,349.0,62.0,0.0,411.0,49.0,95.0,1.7249999999999999,41.4,1242.0,41.4,34.5,8.3,,,,False
117,lit119,LIT_wc55_C349_G0_F62,LIT_wc55_C349_G0_F62,Ryu et al. 2024,ambient,,20.0,0.55,349.0,62.0,0.0,411.0,49.0,95.0,3.295,79.08,2372.4,79.08,65.89999999999999,12.7,,,,False
118,lit119,LIT_wc55_C349_G0_F62,LIT_wc55_C349_G0_F62,Ryu et al. 2024,ambient,,20.0,0.55,349.0,62.0,0.0,411.0,49.0,95.0,4.86,116.64,3499.2,116.64,97.2,14.4,,,,False
119,lit119,LIT_wc55_C349_G0_F62,LIT_wc55_C349_G0_F62,Ryu et al. 2024,ambient,,20.0,0.55,349.0,62.0,0.0,411.0,49.0,95.0,11.49,275.76,8272.8,275.76,229.79999999999998,19.7,,,,False
120,lit119,LIT_wc55_C349_G0_F62,LIT_wc55_C349_G0_F62,Ryu et al. 2024,ambient,,20.0,0.55,349.0,62.0,0.0,411.0,49.0,95.0,44.94,1078.56,32356.8,1078.56,898.7999999999998,33.6,,,,False
121,lit119,LIT_wc55_C287_G0_F123,LIT_wc55_C287_G0_F123,Ryu et al. 2024,ambient,,20.0,0.55,287.0,123.0,0.0,410.0,49.0,95.0,1.74,41.76,1252.8,41.76,34.8,5.4,,,,False
122,lit119,LIT_wc55_C287_G0_F123,LIT_wc55_C287_G0_F123,Ryu et al. 2024,ambient,,20.0,0.55,287.0,123.0,0.0,410.0,49.0,95.0,3.315,79.56,2386.8,79.56,66.3,9.3,,,,False
123,lit119,LIT_wc55_C287_G0_F123,LIT_wc55_C287_G0_F123,Ryu et al. 2024,ambient,,20.0,0.55,287.0,123.0,0.0,410.0,49.0,95.0,4.89,117.36,3520.8,117.36,97.8,11.6,,,,False
124,lit119,LIT_wc55_C287_G0_F123,LIT_wc55_C287_G0_F123,Ryu et al. 2024,ambient,,20.0,0.55,287.0,123.0,0.0,410.0,49.0,95.0,11.545,277.08,8312.4,277.08,230.89999999999998,17.2,,,,False
125,lit119,LIT_wc55_C287_G0_F123,LIT_wc55_C287_G0_F123,Ryu et al. 2024,ambient,,20.0,0.55,287.0,123.0,0.0,410.0,49.0,95.0,45.025,1080.6,32417.999999999996,1080.6,900.5,29.7,,,,False
126,lit119,LIT_wc50_C330_G0_F0,LIT_wc50_C330_G0_F0,Ryu et al. 2024,ambient,,40.0,0.5,330.0,0.0,0.0,330.0,50.0,95.0,1.2725,30.54,1527.0,83.3187631141914,50.9,10.4,,,,False
127,lit119,LIT_wc50_C330_G0_F0,LIT_wc50_C330_G0_F0,Ryu et al. 2024,ambient,,40.0,0.5,330.0,0.0,0.0,330.0,50.0,95.0,2.5325,60.78,3039.0,165.81907079504103,101.3,12.8,,,,False
128,lit119,LIT_wc50_C330_G0_F0,LIT_wc50_C330_G0_F0,Ryu et al. 2024,ambient,,40.0,0.5,330.0,0.0,0.0,330.0,50.0,95.0,3.795,91.08,4554.0,248.483069562559,151.79999999999998,15.4,,,,False
129,lit119,LIT_wc50_C330_G0_F0,LIT_wc50_C330_G0_F0,Ryu et al. 2024,ambient,,40.0,0.5,330.0,0.0,0.0,330.0,50.0,95.0,5.055,121.32,6066.0,330.98337724340865,202.19999999999996,17.0,,,,False
130,lit119,LIT_wc50_C330_G0_F0,LIT_wc50_C330_G0_F0,Ryu et al. 2024,ambient,,40.0,0.5,330.0,0.0,0.0,330.0,50.0,95.0,17.695,424.68,21234.0,1158.6055114385986,707.8000000000001,20.7,,,,False
131,lit119,LIT_wc45_C370_G0_F0,LIT_wc45_C370_G0_F0,Ryu et al. 2024,ambient,,40.0,0.45,370.0,0.0,0.0,370.0,49.5,95.0,1.27,30.48,1524.0,83.15507202752305,50.800000000000004,12.5,,,,False
132,lit119,LIT_wc45_C370_G0_F0,LIT_wc45_C370_G0_F0,Ryu et al. 2024,ambient,,40.0,0.45,370.0,0.0,0.0,370.0,49.5,95.0,2.3575,56.58,2829.0,154.36069472825636,94.3,16.0,,,,False
133,lit119,LIT_wc45_C370_G0_F0,LIT_wc45_C370_G0_F0,Ryu et al. 2024,ambient,,40.0,0.45,370.0,0.0,0.0,370.0,49.5,95.0,3.485,83.64,4182.0,228.1853748156833,139.4,18.4,,,,False
134,lit119,LIT_wc45_C370_G0_F0,LIT_wc45_C370_G0_F0,Ryu et al. 2024,ambient,,40.0,0.45,370.0,0.0,0.0,370.0,49.5,95.0,4.63,111.12,5556.0,303.1558925097887,185.20000000000002,20.6,,,,False
135,lit119,LIT_wc45_C370_G0_F0,LIT_wc45_C370_G0_F0,Ryu et al. 2024,ambient,,40.0,0.45,370.0,0.0,0.0,370.0,49.5,95.0,17.21,413.04,20652.0,1126.8494406249383,688.4000000000001,25.5,,,,False
136,lit119,LIT_wc41_C410_G0_F0,LIT_wc41_C410_G0_F0,Ryu et al. 2024,ambient,,40.0,0.41,410.0,0.0,0.0,410.0,49.0,95.0,1.3399999999999999,32.16,1607.9999999999998,87.7384224542369,53.599999999999994,15.7,,,,False
137,lit119,LIT_wc41_C410_G0_F0,LIT_wc41_C410_G0_F0,Ryu et al. 2024,ambient,,40.0,0.41,410.0,0.0,0.0,410.0,49.0,95.0,2.6125000000000003,62.7,3135.0,171.0571855684283,104.5,20.2,,,,False
138,lit119,LIT_wc41_C410_G0_F0,LIT_wc41_C410_G0_F0,Ryu et al. 2024,ambient,,40.0,0.41,410.0,0.0,0.0,410.0,49.0,95.0,3.8800000000000003,93.12,4656.0,254.048566509283,155.20000000000002,22.3,,,,False
139,lit119,LIT_wc41_C410_G0_F0,LIT_wc41_C410_G0_F0,Ryu et al. 2024,ambient,,40.0,0.41,410.0,0.0,0.0,410.0,49.0,95.0,5.1425,123.42,6171.0,336.712565276801,205.70000000000002,24.0,,,,False
140,lit119,LIT_wc41_C410_G0_F0,LIT_wc41_C410_G0_F0,Ryu et al. 2024,ambient,,40.0,0.41,410.0,0.0,0.0,410.0,49.0,95.0,17.8325,427.98,21399.0,1167.608521205358,713.3000000000001,34.8,,,,False
141,lit119,LIT_wc55_C308_G103_F0,LIT_wc55_C308_G103_F0,Ryu et al. 2024,ambient,,40.0,0.55,308.0,0.0,103.0,411.0,49.0,95.0,1.425,34.2,1710.0000000000002,93.30391940096091,57.0,16.6,,,,False
142,lit119,LIT_wc55_C308_G103_F0,LIT_wc55_C308_G103_F0,Ryu et al. 2024,ambient,,40.0,0.55,308.0,0.0,103.0,411.0,49.0,95.0,2.8375,68.1,3404.9999999999995,185.78938336858002,113.5,20.1,,,,False
143,lit119,LIT_wc55_C308_G103_F0,LIT_wc55_C308_G103_F0,Ryu et al. 2024,ambient,,40.0,0.55,308.0,0.0,103.0,411.0,49.0,95.0,4.25,102.0,5100.0,278.2748473361992,170.0,23.9,,,,False
144,lit119,LIT_wc55_C308_G103_F0,LIT_wc55_C308_G103_F0,Ryu et al. 2024,ambient,,40.0,0.55,308.0,0.0,103.0,411.0,49.0,95.0,5.66,135.84,6792.0,370.59662021714996,226.4,23.3,,,,False
145,lit119,LIT_wc55_C308_G103_F0,LIT_wc55_C308_G103_F0,Ryu et al. 2024,ambient,,40.0,0.55,308.0,0.0,103.0,411.0,49.0,95.0,19.8175,475.62,23781.0,1297.5792440200298,792.6999999999999,29.6,,,,False
146,lit119,LIT_wc55_C205_G205_F0,LIT_wc55_C205_G205_F0,Ryu et al. 2024,ambient,,40.0,0.55,205.0,0.0,205.0,410.0,49.0,95.0,1.335,32.04,1602.0,87.41104028090021,53.4,14.0,,,,False
147,lit119,LIT_wc55_C205_G205_F0,LIT_wc55_C205_G205_F0,Ryu et al. 2024,ambient,,40.0,0.55,205.0,0.0,205.0,410.0,49.0,95.0,2.6075,62.58,3129.0,170.7298033950916,104.3,16.3,,,,False
148,lit119,LIT_wc55_C205_G205_F0,LIT_wc55_C205_G205_F0,Ryu et al. 2024,ambient,,40.0,0.55,205.0,0.0,205.0,410.0,49.0,95.0,3.8775,93.06,4653.0,253.88487542261464,155.1,21.3,,,,False
149,lit119,LIT_wc55_C205_G205_F0,LIT_wc55_C205_G205_F0,Ryu et al. 2024,ambient,,40.0,0.55,205.0,0.0,205.0,410.0,49.0,95.0,5.14,123.36,6168.0,336.5488741901326,205.6,21.6,,,,False
150,lit119,LIT_wc55_C205_G205_F0,LIT_wc55_C205_G205_F0,Ryu et al. 2024,ambient,,40.0,0.55,205.0,0.0,205.0,410.0,49.0,95.0,17.8425,428.22,21411.0,1168.2632855520314,713.7000000000002,32.5,,,,False
151,lit119,LIT_wc55_C349_G0_F62,LIT_wc55_C349_G0_F62,Ryu et al. 2024,ambient,,40.0,0.55,349.0,62.0,0.0,411.0,49.0,95.0,1.4349999999999998,34.44,1722.0,93.9586837476343,57.4,13.5,,,,False
152,lit119,LIT_wc55_C349_G0_F62,LIT_wc55_C349_G0_F62,Ryu et al. 2024,ambient,,40.0,0.55,349.0,62.0,0.0,411.0,49.0,95.0,2.7975,67.14,3357.0,183.17032598188638,111.89999999999999,17.5,,,,False
153,lit119,LIT_wc55_C349_G0_F62,LIT_wc55_C349_G0_F62,Ryu et al. 2024,ambient,,40.0,0.55,349.0,62.0,0.0,411.0,49.0,95.0,4.1525,99.66,4983.0,271.8908949561334,166.1,19.0,,,,False
154,lit119,LIT_wc55_C349_G0_F62,LIT_wc55_C349_G0_F62,Ryu et al. 2024,ambient,,40.0,0.55,349.0,62.0,0.0,411.0,49.0,95.0,5.5,132.0,6600.0,360.1203906703754,220.0,20.6,,,,False
155,lit119,LIT_wc55_C349_G0_F62,LIT_wc55_C349_G0_F62,Ryu et al. 2024,ambient,,40.0,0.55,349.0,62.0,0.0,411.0,49.0,95.0,19.080000000000002,457.92,22896.0,1249.2903734528659,763.1999999999999,30.2,,,,False
156,lit119,LIT_wc55_C287_G0_F123,LIT_wc55_C287_G0_F123,Ryu et al. 2024,ambient,,40.0,0.55,287.0,123.0,0.0,410.0,49.0,95.0,1.295,31.08,1554.0,84.79198289420657,51.79999999999999,9.5,,,,False
157,lit119,LIT_wc55_C287_G0_F123,LIT_wc55_C287_G0_F123,Ryu et al. 2024,ambient,,40.0,0.55,287.0,123.0,0.0,410.0,49.0,95.0,2.405,57.72,2886.0,157.47082537495504,96.2,13.6,,,,False
158,lit119,LIT_wc55_C287_G0_F123,LIT_wc55_C287_G0_F123,Ryu et al. 2024,ambient,,40.0,0.55,287.0,123.0,0.0,410.0,49.0,95.0,3.5549999999999997,85.32,4266.0,232.76872524239715,142.2,15.4,,,,False
159,lit119,LIT_wc55_C287_G0_F123,LIT_wc55_C287_G0_F123,Ryu et al. 2024,ambient,,40.0,0.55,287.0,123.0,0.0,410.0,49.0,95.0,4.7225,113.34,5667.0,309.2124627165178,188.9,20.5,,,,False
160,lit119,LIT_wc55_C287_G0_F123,LIT_wc55_C287_G0_F123,Ryu et al. 2024,ambient,,40.0,0.55,287.0,123.0,0.0,410.0,49.0,95.0,17.555,421.32,21066.0,1149.4388105851708,702.1999999999999,26.6,,,,False
161,lit119,LIT_wc34_C394_G0_F0,LIT_wc34_C394_G0_F0,Ryu et al. 2024,ambient,,25.0,0.335,394.0,0.0,0.0,394.0,48.0,60.0,1.0176,24.422400000000003,854.7840000000001,31.78622949966247,25.44,50.0,,,,False
162,lit119,LIT_wc34_C394_G0_F0,LIT_wc34_C394_G0_F0,Ryu et al. 2024,ambient,,60.0,0.335,394.0,0.0,0.0,394.0,48.0,60.0,0.5048333333333334,12.116000000000001,848.1200000000001,79.94166515303831,30.290000000000003,50.0,,,,False
163,lit119,LIT_wc34_C394_G0_F0,LIT_wc34_C394_G0_F0,Ryu et al. 2024,ambient,,70.0,0.335,394.0,0.0,0.0,394.0,48.0,60.0,0.456,10.944,875.5200000000001,108.04247424387368,31.92,50.0,,,,False
164,lit119,LIT_wc34_C394_G0_F0,LIT_wc34_C394_G0_F0,Ryu et al. 2024,ambient,,80.0,0.335,394.0,0.0,0.0,394.0,48.0,60.0,0.43650000000000005,10.476,942.84,151.2541779923124,34.92,50.0,,,,False
165,lit119,LIT_wc32_C418_G0_F0,LIT_wc32_C418_G0_F0,Ryu et al. 2024,ambient,,25.0,0.321,418.0,0.0,0.0,418.0,45.0,60.0,1.0576,25.382400000000004,888.3840000000001,33.03568820641021,26.44,60.0,,,,False
166,lit119,LIT_wc32_C418_G0_F0,LIT_wc32_C418_G0_F0,Ryu et al. 2024,ambient,,60.0,0.321,418.0,0.0,0.0,418.0,45.0,60.0,0.5665,13.596,951.72,89.70674145103241,33.99,60.0,,,,False
167,lit119,LIT_wc32_C418_G0_F0,LIT_wc32_C418_G0_F0,Ryu et al. 2024,ambient,,70.0,0.321,418.0,0.0,0.0,418.0,45.0,60.0,0.4968571428571429,11.92457142857143,953.9657142857143,117.72297162286738,34.78,60.0,,,,False
168,lit119,LIT_wc32_C418_G0_F0,LIT_wc32_C418_G0_F0,Ryu et al. 2024,ambient,,80.0,0.321,418.0,0.0,0.0,418.0,45.0,60.0,0.4672500000000001,11.214000000000002,1009.2600000000002,161.9095410467537,37.38,60.0,,,,False
169,lit119,LIT_wc83_C289_G0_F0,LIT_wc83_C289_G0_F0,Ryu et al. 2024,ambient,,12.0,0.83,289.0,0.0,0.0,289.0,0.5,100.0,0.5416666666666666,13.0,286.0,8.36515081767315,6.5,12.19,,,,False
170,lit119,LIT_wc83_C289_G0_F0,LIT_wc83_C289_G0_F0,Ryu et al. 2024,ambient,,12.0,0.83,289.0,0.0,0.0,289.0,0.5,80.0,1.2083333333333333,29.0,638.0,18.660721054809333,14.5,10.45,,,,False
171,lit119,LIT_wc83_C289_G0_F0,LIT_wc83_C289_G0_F0,Ryu et al. 2024,ambient,,27.0,0.83,289.0,0.0,0.0,289.0,0.5,100.0,0.3020833333333333,7.25,268.25,10.459267699712752,8.15625,12.86,,,,False
172,lit119,LIT_wc83_C289_G0_F0,LIT_wc83_C289_G0_F0,Ryu et al. 2024,ambient,,27.0,0.83,289.0,0.0,0.0,289.0,0.5,70.0,0.4166666666666667,10.0,370.0,14.42657613753483,11.25,13.91,,,,False
173,lit119,LIT_wc83_C289_G0_F0,LIT_wc83_C289_G0_F0,Ryu et al. 2024,ambient,,40.0,0.83,289.0,0.0,0.0,289.0,0.5,100.0,0.20833333333333334,5.0,250.0,13.64092388902937,8.333333333333334,14.97,,,,False
174,lit119,LIT_wc83_C289_G0_F0,LIT_wc83_C289_G0_F0,Ryu et al. 2024,ambient,,40.0,0.83,289.0,0.0,0.0,289.0,0.5,70.0,0.375,9.0,450.0,24.553663000252868,15.0,17.41,,,,False
175,lit503,HSC-30-5,HSC,KCI (2004),ambient,,5.0,0.3,550.0,0.0,0.0,550.0,45.0,95.0,3.0,72.0,1080.0,30.852631274981118,15.0,42.0,,,,False
176,lit503,HSC-30-10,HSC,KCI (2004),ambient,,10.0,0.3,550.0,0.0,0.0,550.0,45.0,95.0,3.0,72.0,1440.0,41.33376766210673,30.0,53.0,,,,False
177,lit503,HSC-30-20,HSC,KCI (2004),ambient,,20.0,0.3,550.0,0.0,0.0,550.0,45.0,95.0,3.0,72.0,2160.0,72.0,60.0,68.0,,,,False
178,lit503,HSC-30-30,HSC,KCI (2004),ambient,,30.0,0.3,550.0,0.0,0.0,550.0,45.0,95.0,3.0,72.0,2880.0,120.90895422190184,90.0,82.0,,,,False
179,lit503,HSC-35-5,HSC,KCI (2004),ambient,,5.0,0.35,490.0,0.0,0.0,490.0,45.0,95.0,3.0,72.0,1080.0,30.852631274981118,15.0,38.0,,,,False
180,lit503,HSC-35-10,HSC,KCI (2004),ambient,,10.0,0.35,490.0,0.0,0.0,490.0,45.0,95.0,3.0,72.0,1440.0,41.33376766210673,30.0,49.0,,,,False
181,lit503,HSC-35-20,HSC,KCI (2004),ambient,,20.0,0.35,490.0,0.0,0.0,490.0,45.0,95.0,3.0,72.0,2160.0,72.0,60.0,63.0,,,,False
182,lit503,HSC-35-30,HSC,KCI (2004),ambient,,30.0,0.35,490.0,0.0,0.0,490.0,45.0,95.0,3.0,72.0,2880.0,120.90895422190184,90.0,78.0,,,,False
183,lit503,GG – General Gang Form,GG – General Gang Form,Nam et al. (2016),ambient,,5.0,0.489,275.0,34.0,34.0,343.0,48.0,90.0,3.0,72.0,1080.0,30.852631274981118,15.0,3.0,,,,False
184,lit503,GG – General Gang Form,GG – General Gang Form,Nam et al. (2016),ambient,,5.0,0.489,275.0,34.0,34.0,343.0,48.0,90.0,7.0,168.0,2520.0,71.98947297495594,35.0,12.0,,,,False
185,lit503,GG – General Gang Form,GG – General Gang Form,Nam et al. (2016),ambient,,5.0,0.489,275.0,34.0,34.0,343.0,48.0,90.0,28.0,672.0,10080.0,287.9578918998238,140.0,24.0,,,,False
186,lit503,IG-I – Insulated Form I,IG-I – Insulated Form I,Nam et al. (2016),ambient,,5.0,0.489,275.0,34.0,34.0,343.0,48.0,98.0,3.0,72.0,1080.0,30.852631274981118,15.0,6.0,,,,False
187,lit503,IG-I – Insulated Form I,IG-I – Insulated Form I,Nam et al. (2016),ambient,,5.0,0.489,275.0,34.0,34.0,343.0,48.0,98.0,7.0,168.0,2520.0,71.98947297495594,35.0,18.0,,,,False
188,lit503,IG-I – Insulated Form I,IG-I – Insulated Form I,Nam et al. (2016),ambient,,5.0,0.489,275.0,34.0,34.0,343.0,48.0,98.0,28.0,672.0,10080.0,287.9578918998238,140.0,27.0,,,,False
189,lit503,IG-II – Insulated Form II,IG-II – Insulated Form II,Nam et al. (2016),ambient,,5.0,0.489,275.0,34.0,34.0,343.0,48.0,98.0,3.0,72.0,1080.0,30.852631274981118,15.0,6.0,,,,False
190,lit503,IG-II – Insulated Form II,IG-II – Insulated Form II,Nam et al. (2016),ambient,,5.0,0.489,275.0,34.0,34.0,343.0,48.0,98.0,7.0,168.0,2520.0,71.98947297495594,35.0,17.0,,,,False
191,lit503,IG-II – Insulated Form II,IG-II – Insulated Form II,Nam et al. (2016),ambient,,5.0,0.489,275.0,34.0,34.0,343.0,48.0,98.0,28.0,672.0,10080.0,287.9578918998238,140.0,26.0,,,,False
192,lit503,CIMS Field Concrete,CIMS Field Concrete,Kim et al. (2019),ambient,,5.0,0.476,320.0,30.0,25.0,375.0,45.0,95.0,1.0,24.0,360.0,10.284210424993706,5.0,3.5,,,,False
193,lit503,CIMS Field Concrete,CIMS Field Concrete,Kim et al. (2019),ambient,,5.0,0.476,320.0,30.0,25.0,375.0,45.0,95.0,2.0,48.0,720.0,20.56842084998741,10.0,6.5,,,,False
194,lit503,CIMS Field Concrete,CIMS Field Concrete,Kim et al. (2019),ambient,,5.0,0.476,320.0,30.0,25.0,375.0,45.0,95.0,3.0,72.0,1080.0,30.852631274981118,15.0,9.0,,,,False
195,lit503,CIMS Field Concrete,CIMS Field Concrete,Kim et al. (2019),core,,5.0,0.476,320.0,30.0,25.0,375.0,45.0,95.0,7.0,168.0,2520.0,71.98947297495594,35.0,20.0,,,,False
196,lit503,CIMS Wall Concrete,CIMS Wall Concrete,Seo et al. (2020),ambient,,5.0,0.476,320.0,30.0,25.0,375.0,45.0,95.0,1.0,24.0,360.0,10.284210424993706,5.0,3.5,,,,False
197,lit503,CIMS Wall Concrete,CIMS Wall Concrete,Seo et al. (2020),ambient,,5.0,0.476,320.0,30.0,25.0,375.0,45.0,95.0,2.0,48.0,720.0,20.56842084998741,10.0,6.5,,,,False
198,lit503,CIMS Wall Concrete,CIMS Wall Concrete,Seo et al. (2020),ambient,,5.0,0.476,320.0,30.0,25.0,375.0,45.0,95.0,3.0,72.0,1080.0,30.852631274981118,15.0,9.0,,,,False
199,lit503,CIMS Wall Concrete,CIMS Wall Concrete,Seo et al. (2020),core,,5.0,0.476,320.0,30.0,25.0,375.0,45.0,95.0,7.0,168.0,2520.0,71.98947297495594,35.0,20.0,,,,False
200,lit503,OPC-5,OPC,"Park et al., 2011",ambient,,5.0,0.5,360.0,0.0,0.0,360.0,45.0,95.0,3.0,72.0,1080.0,30.852631274981118,15.0,32.0,,,,False
201,lit503,FA10-5,FA10,"Park et al., 2011",ambient,,5.0,0.5,324.0,36.0,0.0,360.0,45.0,95.0,3.0,72.0,1080.0,30.852631274981118,15.0,28.0,,,,False
202,lit503,FA20-5,FA20,"Park et al., 2011",ambient,,5.0,0.5,288.0,72.0,0.0,360.0,45.0,95.0,3.0,72.0,1080.0,30.852631274981118,15.0,25.0,,,,False
203,lit503,FA30-5,FA30,"Park et al., 2011",ambient,,5.0,0.5,252.0,108.0,0.0,360.0,45.0,95.0,3.0,72.0,1080.0,30.852631274981118,15.0,22.0,,,,False
204,lit503,FA40-5,FA40,"Park et al., 2011",ambient,,5.0,0.5,216.0,144.0,0.0,360.0,45.0,95.0,3.0,72.0,1080.0,30.852631274981118,15.0,20.0,,,,False
205,lit503,OPC-20,OPC,"Park et al., 2011",ambient,,20.0,0.5,360.0,0.0,0.0,360.0,45.0,95.0,3.0,72.0,2160.0,72.0,60.0,45.0,,,,False
206,lit503,FA10-20,FA10,"Park et al., 2011",ambient,,20.0,0.5,324.0,36.0,0.0,360.0,45.0,95.0,3.0,72.0,2160.0,72.0,60.0,41.0,,,,False
207,lit503,FA20-20,FA20,"Park et al., 2011",ambient,,20.0,0.5,288.0,72.0,0.0,360.0,45.0,95.0,3.0,72.0,2160.0,72.0,60.0,38.0,,,,False
208,lit503,FA30-20,FA30,"Park et al., 2011",ambient,,20.0,0.5,252.0,108.0,0.0,360.0,45.0,95.0,3.0,72.0,2160.0,72.0,60.0,34.0,,,,False
209,lit503,FA40-20,FA40,"Park et al., 2011",ambient,,20.0,0.5,216.0,144.0,0.0,360.0,45.0,95.0,3.0,72.0,2160.0,72.0,60.0,31.0,,,,False
210,lit503,OPC-35,OPC,"Park et al., 2011",ambient,,35.0,0.5,360.0,0.0,0.0,360.0,45.0,95.0,3.0,72.0,3240.0,154.71846713711412,105.0,55.0,,,,False
211,lit503,FA10-35,FA10,"Park et al., 2011",ambient,,35.0,0.5,324.0,36.0,0.0,360.0,45.0,95.0,3.0,72.0,3240.0,154.71846713711412,105.0,52.0,,,,False
212,lit503,FA20-35,FA20,"Park et al., 2011",ambient,,35.0,0.5,288.0,72.0,0.0,360.0,45.0,95.0,3.0,72.0,3240.0,154.71846713711412,105.0,49.0,,,,False
213,lit503,FA30-35,FA30,"Park et al., 2011",ambient,,35.0,0.5,252.0,108.0,0.0,360.0,45.0,95.0,3.0,72.0,3240.0,154.71846713711412,105.0,46.0,,,,False
214,lit503,FA40-35,FA40,"Park et al., 2011",ambient,,35.0,0.5,216.0,144.0,0.0,360.0,45.0,95.0,3.0,72.0,3240.0,154.71846713711412,105.0,43.0,,,,False
215,lit503,36MPa–5°C (Lot A),36MPa,"Lee et al, 2011",ambient,,5.0,0.5,360.0,0.0,0.0,360.0,45.0,95.0,1.0,24.0,360.0,10.284210424993706,5.0,10.0,,,,False
216,lit503,36MPa–15°C (Lot A),36MPa,"Lee et al, 2011",ambient,,15.0,0.5,360.0,0.0,0.0,360.0,45.0,95.0,1.0,24.0,600.0,18.272108017724406,15.0,15.0,,,,False
217,lit503,36MPa–20°C (Lot A),36MPa,"Lee et al, 2011",ambient,,20.0,0.5,360.0,0.0,0.0,360.0,45.0,95.0,1.0,24.0,720.0,24.0,20.0,22.0,,,,False
218,lit503,36MPa–30°C (Lot A),36MPa,"Lee et al, 2011",ambient,,30.0,0.5,360.0,0.0,0.0,360.0,45.0,95.0,1.0,24.0,960.0,40.302984740633946,30.0,28.0,,,,False
219,lit503,36MPa–20°C (Lot B),36MPa,"Lee et al, 2011",ambient,,20.0,0.5,360.0,0.0,0.0,360.0,45.0,95.0,1.0,24.0,720.0,24.0,20.0,21.0,,,,False
220,lit503,36MPa–30°C (Lot B),36MPa,"Lee et al, 2011",ambient,,30.0,0.5,360.0,0.0,0.0,360.0,45.0,95.0,1.0,24.0,960.0,40.302984740633946,30.0,27.0,,,,False
221,lit503,50MPa–5°C (Lot A),50MPa,"Lee et al, 2011",ambient,,5.0,0.38,460.0,0.0,0.0,460.0,45.0,95.0,1.0,24.0,360.0,10.284210424993706,5.0,14.0,,,,False
222,lit503,50MPa–15°C (Lot A),50MPa,"Lee et al, 2011",ambient,,15.0,0.38,460.0,0.0,0.0,460.0,45.0,95.0,1.0,24.0,600.0,18.272108017724406,15.0,22.0,,,,False
223,lit503,50MPa–20°C (Lot A),50MPa,"Lee et al, 2011",ambient,,20.0,0.38,460.0,0.0,0.0,460.0,45.0,95.0,1.0,24.0,720.0,24.0,20.0,28.0,,,,False
224,lit503,50MPa–30°C (Lot A),50MPa,"Lee et al, 2011",ambient,,30.0,0.38,460.0,0.0,0.0,460.0,45.0,95.0,1.0,24.0,960.0,40.302984740633946,30.0,34.0,,,,False
225,lit503,50MPa–20°C (Lot B),50MPa,"Lee et al, 2011",ambient,,20.0,0.38,460.0,0.0,0.0,460.0,45.0,95.0,1.0,24.0,720.0,24.0,20.0,26.0,,,,False
226,lit503,50MPa–30°C (Lot B),50MPa,"Lee et al, 2011",ambient,,30.0,0.38,460.0,0.0,0.0,460.0,45.0,95.0,1.0,24.0,960.0,40.302984740633946,30.0,32.0,,,,False
227,lit503,OPC100-32-20,OPC100,"Kwon et al.,2008",ambient,,20.0,0.32,515.0,0.0,0.0,515.0,44.0,95.0,12.0,288.0,8640.0,288.0,240.0,10.0,,,,False
228,lit503,OPC100-32-20,OPC100,"Kwon et al.,2008",ambient,,20.0,0.32,515.0,0.0,0.0,515.0,44.0,95.0,16.0,384.0,11520.0,384.0,320.0,14.0,,,,False
229,lit503,OPC100-32-20,OPC100,"Kwon et al.,2008",ambient,,20.0,0.32,515.0,0.0,0.0,515.0,44.0,95.0,20.0,480.0,14400.0,480.0,400.0,18.0,,,,False
230,lit503,OPC100-32-25,OPC100,"Kwon et al.,2008",ambient,,25.0,0.32,515.0,0.0,0.0,515.0,44.0,95.0,12.0,288.0,10080.0,374.8376120243215,300.0,12.0,,,,False
231,lit503,OPC100-32-25,OPC100,"Kwon et al.,2008",ambient,,25.0,0.32,515.0,0.0,0.0,515.0,44.0,95.0,16.0,384.0,13440.0,499.7834826990953,400.0,16.0,,,,False
232,lit503,OPC100-32-25,OPC100,"Kwon et al.,2008",ambient,,25.0,0.32,515.0,0.0,0.0,515.0,44.0,95.0,20.0,480.0,16800.0,624.7293533738692,500.0,20.0,,,,False
233,lit503,OPC80 + BSC20-35-20,OPC80 + BSC20,"Kwon et al.,2008",ambient,,20.0,0.35,428.0,0.0,107.0,535.0,45.0,95.0,12.0,288.0,8640.0,288.0,240.0,9.0,,,,False
234,lit503,OPC80 + BSC20-35-20,OPC80 + BSC20,"Kwon et al.,2008",ambient,,20.0,0.35,428.0,0.0,107.0,535.0,45.0,95.0,16.0,384.0,11520.0,384.0,320.0,13.0,,,,False
235,lit503,OPC80 + BSC20-35-20,OPC80 + BSC20,"Kwon et al.,2008",ambient,,20.0,0.35,428.0,0.0,107.0,535.0,45.0,95.0,20.0,480.0,14400.0,480.0,400.0,17.0,,,,False
236,lit503,OPC80 + BSC20-35-25,OPC80 + BSC20,"Kwon et al.,2008",ambient,,25.0,0.35,428.0,0.0,107.0,535.0,45.0,95.0,12.0,288.0,10080.0,374.8376120243215,300.0,11.0,,,,False
237,lit503,OPC80 + BSC20-35-25,OPC80 + BSC20,"Kwon et al.,2008",ambient,,25.0,0.35,428.0,0.0,107.0,535.0,45.0,95.0,16.0,384.0,13440.0,499.7834826990953,400.0,15.0,,,,False
238,lit503,OPC80 + BSC20-35-25,OPC80 + BSC20,"Kwon et al.,2008",ambient,,25.0,0.35,428.0,0.0,107.0,535.0,45.0,95.0,20.0,480.0,16800.0,624.7293533738692,500.0,19.0,,,,False
239,lit503,OPC-Low,OPC-Low,"lee et. al., 2021",ambient,,20.0,0.55,310.0,0.0,0.0,310.0,50.0,95.0,3.0,72.0,2160.0,72.0,60.0,23.4,,,,False
240,lit503,OPC-Mid,OPC-Mid,"lee et. al., 2021",ambient,,20.0,0.45,340.0,0.0,0.0,340.0,48.0,95.0,3.0,72.0,2160.0,72.0,60.0,46.0,,,,False
241,lit503,OPC-High,OPC-High,"lee et. al., 2021",ambient,,20.0,0.3,410.0,0.0,0.0,410.0,45.0,95.0,3.0,72.0,2160.0,72.0,60.0,69.0,,,,False
242,lit503,Binary-FA20,Binary-FA20,"lee et. al., 2021",ambient,,20.0,0.45,272.0,68.0,0.0,340.0,48.0,95.0,3.0,72.0,2160.0,72.0,60.0,45.0,,,,False
243,lit503,Binary-GGBS40,Binary-GGBS40,"lee et. al., 2021",ambient,,20.0,0.45,204.0,0.0,136.0,340.0,48.0,95.0,3.0,72.0,2160.0,72.0,60.0,55.0,,,,False
244,lit503,Binary-SF10,Binary-SF10,"lee et. al., 2021",ambient,,20.0,0.45,306.0,0.0,34.0,340.0,48.0,95.0,3.0,72.0,2160.0,72.0,60.0,52.0,,,,False
245,lit503,Ternary-FA20-GGBS40,Ternary-FA20-GGBS40,"lee et. al., 2021",ambient,,20.0,0.45,204.0,68.0,68.0,340.0,48.0,95.0,3.0,72.0,2160.0,72.0,60.0,58.0,,,,False
246,lit503,Ternary-FA10-GGBS20-SF5,Ternary-FA10-GGBS20-SF5,"lee et. al., 2021",ambient,,20.0,0.4,266.0,34.0,68.0,368.0,47.0,95.0,3.0,72.0,2160.0,72.0,60.0,62.0,,,,False
247,lit503,Ternary-FA20-SF10,Ternary-FA20-SF10,"lee et. al., 2021",ambient,,20.0,0.4,238.0,68.0,34.0,340.0,47.0,95.0,3.0,72.0,2160.0,72.0,60.0,65.0,,,,False
248,lit503,Ternary-FA20-GGBS40-SF5,Ternary-FA20-GGBS40-SF5,"lee et. al., 2021",ambient,,20.0,0.35,190.0,68.0,68.0,326.0,46.0,95.0,3.0,72.0,2160.0,72.0,60.0,72.1,,,,False
249,lit503,25-49-600 (Plant Test),25,"Yoo et. al., 2017",core,,20.0,0.32,306.0,51.0,153.0,510.0,45.5,95.0,1.0,24.0,720.0,24.0,20.0,18.0,,,,False
250,lit503,25-49-600 (Plant Test),25,"Yoo et. al., 2017",core,,20.0,0.32,306.0,51.0,153.0,510.0,45.5,95.0,2.0,48.0,1440.0,48.0,40.0,28.0,,,,False
251,lit503,25-49-600 (Plant Test),25,"Yoo et. al., 2017",core,,20.0,0.32,306.0,51.0,153.0,510.0,45.5,95.0,3.0,72.0,2160.0,72.0,60.0,34.0,,,,False
252,lit503,25-49-600 (Plant Test),25,"Yoo et. al., 2017",core,,20.0,0.32,306.0,51.0,153.0,510.0,45.5,95.0,5.0,120.0,3600.0,120.0,100.0,41.0,,,,False
253,lit503,25-49-600 (Field Trace-Curing),25,"Yoo et. al., 2017",core,,18.0,0.32,306.0,51.0,153.0,510.0,45.5,90.0,1.0,24.0,672.0,21.544196205179755,18.0,17.5,,,,False
254,lit503,25-49-600 (Field Trace-Curing),25,"Yoo et. al., 2017",core,,18.0,0.32,306.0,51.0,153.0,510.0,45.5,90.0,2.0,48.0,1344.0,43.08839241035951,36.0,26.5,,,,False
255,lit503,25-49-600 (Field Trace-Curing),25,"Yoo et. al., 2017",core,,18.0,0.32,306.0,51.0,153.0,510.0,45.5,90.0,3.0,72.0,2016.0,64.63258861553926,54.0,33.0,,,,False
256,lit503,25-49-600 (Field Trace-Curing),25,"Yoo et. al., 2017",core,,18.0,0.32,306.0,51.0,153.0,510.0,45.5,90.0,5.0,120.0,3360.0,107.72098102589878,90.0,39.0,,,,False
257,lit503,OPC-45-10,OPC,"Kang et al., 2008",ambient,,10.0,0.45,389.0,0.0,0.0,389.0,46.0,95.0,12.0,288.0,5760.0,165.33507064842692,120.0,6.5,,,,False
258,lit503,OPC-45-10,OPC,"Kang et al., 2008",ambient,,10.0,0.45,389.0,0.0,0.0,389.0,46.0,95.0,18.0,432.0,8640.0,248.00260597264037,180.0,7.4,,,,False
259,lit503,OPC-45-10,OPC,"Kang et al., 2008",ambient,,10.0,0.45,389.0,0.0,0.0,389.0,46.0,95.0,24.0,576.0,11520.0,330.67014129685384,240.0,8.8,,,,False
260,lit503,OPC-42-15,OPC,"Kang et al., 2008",ambient,,15.0,0.42,405.0,0.0,0.0,405.0,46.0,95.0,12.0,288.0,7200.0,219.26529621269287,180.0,10.0,,,,False
261,lit503,OPC-42-15,OPC,"Kang et al., 2008",ambient,,15.0,0.42,405.0,0.0,0.0,405.0,46.0,95.0,18.0,432.0,10800.0,328.8979443190393,270.0,14.0,,,,False
262,lit503,OPC-42-15,OPC,"Kang et al., 2008",ambient,,15.0,0.42,405.0,0.0,0.0,405.0,46.0,95.0,24.0,576.0,14400.0,438.53059242538575,360.0,16.0,,,,False
263,lit503,OPC-39-20,OPC,"Kang et al., 2008",ambient,,20.0,0.39,423.0,0.0,0.0,423.0,46.0,95.0,12.0,288.0,8640.0,288.0,240.0,13.0,,,,False
264,lit503,OPC-39-20,OPC,"Kang et al., 2008",ambient,,20.0,0.39,423.0,0.0,0.0,423.0,46.0,95.0,18.0,432.0,12960.0,432.0,360.0,18.0,,,,False
265,lit503,OPC-39-20,OPC,"Kang et al., 2008",ambient,,20.0,0.39,423.0,0.0,0.0,423.0,46.0,95.0,24.0,576.0,17280.0,576.0,480.0,20.0,,,,False
266,lit503,OPC-42-20 + FA10,OPC,"Kang et al., 2008",ambient,,20.0,0.42,365.0,40.0,0.0,405.0,46.0,95.0,12.0,288.0,8640.0,288.0,240.0,7.5,,,,False
267,lit503,OPC-42-20 + FA10,OPC,"Kang et al., 2008",ambient,,20.0,0.42,365.0,40.0,0.0,405.0,46.0,95.0,18.0,432.0,12960.0,432.0,360.0,10.5,,,,False
268,lit503,OPC-42-20 + FA10,OPC,"Kang et al., 2008",ambient,,20.0,0.42,365.0,40.0,0.0,405.0,46.0,95.0,24.0,576.0,17280.0,576.0,480.0,13.0,,,,False
269,lit503,OPC-42-20 + BFS10,OPC,"Kang et al., 2008",ambient,,20.0,0.42,365.0,0.0,40.0,405.0,46.0,95.0,12.0,288.0,8640.0,288.0,240.0,8.0,,,,False
270,lit503,OPC-42-20 + BFS10,OPC,"Kang et al., 2008",ambient,,20.0,0.42,365.0,0.0,40.0,405.0,46.0,95.0,18.0,432.0,12960.0,432.0,360.0,11.0,,,,False
271,lit503,OPC-42-20 + BFS10,OPC,"Kang et al., 2008",ambient,,20.0,0.42,365.0,0.0,40.0,405.0,46.0,95.0,24.0,576.0,17280.0,576.0,480.0,13.5,,,,False
272,lit503,OPC-25-5,OPC,"kim et al., 1998",ambient,,5.0,0.5,360.0,0.0,0.0,360.0,46.0,95.0,1.0,24.0,360.0,10.284210424993706,5.0,10.2,,,,False
273,lit503,OPC-25-20,OPC,"kim et al., 1998",ambient,,20.0,0.5,360.0,0.0,0.0,360.0,46.0,95.0,1.0,24.0,720.0,24.0,20.0,21.8,,,,False
274,lit503,OPC-25-35,OPC,"kim et al., 1998",ambient,,35.0,0.5,360.0,0.0,0.0,360.0,46.0,95.0,1.0,24.0,1080.0,51.57282237903804,35.0,31.5,,,,False
275,lit503,FA20-25-5,FA20,"kim et al., 1998",ambient,,5.0,0.5,288.0,72.0,0.0,360.0,46.0,95.0,1.0,24.0,360.0,10.284210424993706,5.0,8.1,,,,False
276,lit503,FA20-25-20,FA20,"kim et al., 1998",ambient,,20.0,0.5,288.0,72.0,0.0,360.0,46.0,95.0,1.0,24.0,720.0,24.0,20.0,19.4,,,,False
277,lit503,FA20-25-35,FA20,"kim et al., 1998",ambient,,35.0,0.5,288.0,72.0,0.0,360.0,46.0,95.0,1.0,24.0,1080.0,51.57282237903804,35.0,28.9,,,,False
278,lit503,BFS30-25-5,BFS30,"kim et al., 1998",ambient,,5.0,0.5,252.0,0.0,108.0,360.0,46.0,95.0,1.0,24.0,360.0,10.284210424993706,5.0,8.4,,,,False
279,lit503,BFS30-25-20,BFS30,"kim et al., 1998",ambient,,20.0,0.5,252.0,0.0,108.0,360.0,46.0,95.0,1.0,24.0,720.0,24.0,20.0,19.8,,,,False
280,lit503,BFS30-25-35,BFS30,"kim et al., 1998",ambient,,35.0,0.5,252.0,0.0,108.0,360.0,46.0,95.0,1.0,24.0,1080.0,51.57282237903804,35.0,29.2,,,,False
281,lit503,FA20 + BFS30-25-20,FA20 + BFS30,"kim et al., 1998",ambient,,20.0,0.5,216.0,72.0,108.0,396.0,46.0,95.0,1.0,24.0,720.0,24.0,20.0,20.5,,,,False
282,lit503,OPC-5/20 (Low–Ref),OPC,"kim et al., 1998",core,,5.0,0.5,360.0,0.0,0.0,360.0,46.0,95.0,1.0,24.0,360.0,10.284210424993706,5.0,9.8,,,,False
283,lit503,OPC-5/20 (Low–Ref),OPC,"kim et al., 1998",core,,20.0,0.5,360.0,0.0,0.0,360.0,46.0,95.0,3.0,72.0,2160.0,72.0,60.0,21.0,,,,False
284,lit503,OPC-5/20 (Low–Ref),OPC,"kim et al., 1998",ambient,,20.0,0.5,360.0,0.0,0.0,360.0,46.0,95.0,7.0,168.0,5040.0,168.0,140.0,30.0,,,,False
285,lit503,OPC-20/40 (Ref–High),OPC,"kim et al., 1998",core,,40.0,0.5,360.0,0.0,0.0,360.0,46.0,95.0,1.0,24.0,1200.0,65.47643466734098,40.0,20.2,,,,False
286,lit503,OPC-20/40 (Ref–High),OPC,"kim et al., 1998",core,,40.0,0.5,360.0,0.0,0.0,360.0,46.0,95.0,3.0,72.0,3600.0,196.42930400202295,120.0,33.0,,,,False
287,lit503,OPC-20/40 (Ref–High),OPC,"kim et al., 1998",ambient,,40.0,0.5,360.0,0.0,0.0,360.0,46.0,95.0,7.0,168.0,8400.0,458.3350426713869,280.0,35.8,,,,False
288,lit503,OPC-5/40 (Low–High),OPC,"kim et al., 1998",core,,40.0,0.5,360.0,0.0,0.0,360.0,46.0,95.0,1.0,24.0,1200.0,65.47643466734098,40.0,8.5,,,,False
289,lit503,OPC-5/40 (Low–High),OPC,"kim et al., 1998",core,,40.0,0.5,360.0,0.0,0.0,360.0,46.0,95.0,3.0,72.0,3600.0,196.42930400202295,120.0,24.0,,,,False
290,lit503,OPC-5/40 (Low–High),OPC,"kim et al., 1998",ambient,,40.0,0.5,360.0,0.0,0.0,360.0,46.0,95.0,7.0,168.0,8400.0,458.3350426713869,280.0,32.0,,,,False
291,lit503,OPC-40/20 (High–Ref),OPC,"kim et al., 1998",core,,20.0,0.5,360.0,0.0,0.0,360.0,46.0,95.0,1.0,24.0,720.0,24.0,20.0,26.0,,,,False
292,lit503,OPC-40/20 (High–Ref),OPC,"kim et al., 1998",core,,20.0,0.5,360.0,0.0,0.0,360.0,46.0,95.0,3.0,72.0,2160.0,72.0,60.0,28.0,,,,False
293,lit503,OPC-40/20 (High–Ref),OPC,"kim et al., 1998",ambient,,20.0,0.5,360.0,0.0,0.0,360.0,46.0,95.0,7.0,168.0,5040.0,168.0,140.0,32.5,,,,False
294,lit503,F-12h-Air,F,"Kim et al., 2018",ambient,,26.0,0.595,282.0,0.0,0.0,282.0,46.0,70.0,1.0,24.0,864.0,32.89220193505878,26.0,8.1,,,,False
295,lit503,F-12h-Air,F,"Kim et al., 2018",ambient,,24.0,0.595,282.0,0.0,0.0,282.0,46.0,62.0,3.0,72.0,2448.0,88.96130912454899,72.0,9.9,,,,False
296,lit503,F-12h-Air,F,"Kim et al., 2018",ambient,,23.0,0.595,282.0,0.0,0.0,282.0,46.0,67.0,7.0,168.0,5544.0,196.98966460040697,161.0,13.9,,,,False
297,lit503,F-12h-Air,F,"Kim et al., 2018",ambient,,22.0,0.595,282.0,0.0,0.0,282.0,46.0,59.0,28.0,672.0,21504.0,747.5063191714015,616.0,15.2,,,,False
298,lit503,F-3d-Air,F,"Kim et al., 2018",ambient,,26.0,0.595,282.0,0.0,0.0,282.0,46.0,70.0,1.0,24.0,864.0,32.89220193505878,26.0,12.2,,,,False
299,lit503,F-3d-Air,F,"Kim et al., 2018",ambient,,24.0,0.595,282.0,0.0,0.0,282.0,46.0,62.0,3.0,72.0,2448.0,88.96130912454899,72.0,16.5,,,,False
300,lit503,F-3d-Air,F,"Kim et al., 2018",ambient,,23.0,0.595,282.0,0.0,0.0,282.0,46.0,67.0,7.0,168.0,5544.0,196.98966460040697,161.0,19.3,,,,False
301,lit503,F-3d-Air,F,"Kim et al., 2018",ambient,,22.0,0.595,282.0,0.0,0.0,282.0,46.0,59.0,28.0,672.0,21504.0,747.5063191714015,616.0,19.5,,,,False
302,lit503,F-7d-Air,F,"Kim et al., 2018",ambient,,23.0,0.595,282.0,0.0,0.0,282.0,46.0,67.0,7.0,168.0,5544.0,196.98966460040697,161.0,17.5,,,,False
303,lit503,F-7d-Air,F,"Kim et al., 2018",ambient,,22.0,0.595,282.0,0.0,0.0,282.0,46.0,59.0,28.0,672.0,21504.0,747.5063191714015,616.0,20.6,,,,False
304,lit503,F-28d-Air,F,"Kim et al., 2018",ambient,,22.0,0.595,282.0,0.0,0.0,282.0,46.0,59.0,28.0,672.0,21504.0,747.5063191714015,616.0,22.3,,,,False
305,lit503,F-28d-Air,F,"Kim et al., 2018",ambient,,12.0,0.595,282.0,0.0,0.0,282.0,46.0,55.0,90.0,2160.0,47520.0,1389.901982013385,1080.0,22.7,,,,False
306,lit503,F-24h-Moist,F,"Kim et al., 2018",ambient,,23.0,0.595,282.0,0.0,0.0,282.0,46.0,70.0,1.0,24.0,792.0,28.141380657200997,23.0,6.99,,,,False
307,lit503,F-24h-Moist,F,"Kim et al., 2018",ambient,,21.0,0.595,282.0,0.0,0.0,282.0,46.0,61.0,3.0,72.0,2232.0,75.95107111511558,63.0,11.66,,,,False
308,lit503,F-24h-Moist,F,"Kim et al., 2018",ambient,,20.0,0.595,282.0,0.0,0.0,282.0,46.0,67.0,7.0,168.0,5040.0,168.0,140.0,17.03,,,,False
309,lit503,F-24h-Moist,F,"Kim et al., 2018",ambient,,20.0,0.595,282.0,0.0,0.0,282.0,46.0,59.0,28.0,672.0,20160.0,672.0,560.0,23.99,,,,False
310,lit503,F-24h-Moist,F,"Kim et al., 2018",ambient,,18.0,0.595,282.0,0.0,0.0,282.0,46.0,55.0,90.0,2160.0,60480.0,1938.977658466178,1620.0,26.39,,,,False
311,lit503,OPC-5°C,OPC,"Kim et al., 1998",ambient,,5.0,0.5,360.0,0.0,0.0,360.0,46.0,95.0,1.0,24.0,360.0,10.284210424993706,5.0,7.8,,,,False
312,lit503,OPC-5°C,OPC,"Kim et al., 1998",ambient,,5.0,0.5,360.0,0.0,0.0,360.0,46.0,95.0,3.0,72.0,1080.0,30.852631274981118,15.0,15.9,,,,False
313,lit503,OPC-5°C,OPC,"Kim et al., 1998",ambient,,5.0,0.5,360.0,0.0,0.0,360.0,46.0,95.0,7.0,168.0,2520.0,71.98947297495594,35.0,22.0,,,,False
314,lit503,OPC-20°C,OPC,"Kim et al., 1998",ambient,,20.0,0.5,360.0,0.0,0.0,360.0,46.0,95.0,1.0,24.0,720.0,24.0,20.0,13.5,,,,False
315,lit503,OPC-20°C,OPC,"Kim et al., 1998",ambient,,20.0,0.5,360.0,0.0,0.0,360.0,46.0,95.0,3.0,72.0,2160.0,72.0,60.0,22.5,,,,False
316,lit503,OPC-20°C,OPC,"Kim et al., 1998",ambient,,20.0,0.5,360.0,0.0,0.0,360.0,46.0,95.0,7.0,168.0,5040.0,168.0,140.0,28.8,,,,False
317,lit503,OPC-35°C,OPC,"Kim et al., 1998",ambient,,35.0,0.5,360.0,0.0,0.0,360.0,46.0,95.0,1.0,24.0,1080.0,51.57282237903804,35.0,17.2,,,,False
318,lit503,OPC-35°C,OPC,"Kim et al., 1998",ambient,,35.0,0.5,360.0,0.0,0.0,360.0,46.0,95.0,3.0,72.0,3240.0,154.71846713711412,105.0,27.9,,,,False
319,lit503,OPC-35°C,OPC,"Kim et al., 1998",ambient,,35.0,0.5,360.0,0.0,0.0,360.0,46.0,95.0,7.0,168.0,7560.0,361.00975665326627,245.0,32.4,,,,False
320,lit503,FA20-20°C,FA20,"Kim et al., 1998",ambient,,20.0,0.5,288.0,72.0,0.0,360.0,46.0,95.0,1.0,24.0,720.0,24.0,20.0,10.6,,,,False
321,lit503,FA20-20°C,FA20,"Kim et al., 1998",ambient,,20.0,0.5,288.0,72.0,0.0,360.0,46.0,95.0,3.0,72.0,2160.0,72.0,60.0,19.7,,,,False
322,lit503,FA20-20°C,FA20,"Kim et al., 1998",ambient,,20.0,0.5,288.0,72.0,0.0,360.0,46.0,95.0,7.0,168.0,5040.0,168.0,140.0,25.4,,,,False
323,lit503,BFS30-20°C,BFS30,"Kim et al., 1998",ambient,,20.0,0.5,252.0,0.0,108.0,360.0,46.0,95.0,1.0,24.0,720.0,24.0,20.0,11.0,,,,False
324,lit503,BFS30-20°C,BFS30,"Kim et al., 1998",ambient,,20.0,0.5,252.0,0.0,108.0,360.0,46.0,95.0,3.0,72.0,2160.0,72.0,60.0,20.0,,,,False
325,lit503,BFS30-20°C,BFS30,"Kim et al., 1998",ambient,,20.0,0.5,252.0,0.0,108.0,360.0,46.0,95.0,7.0,168.0,5040.0,168.0,140.0,26.0,,,,False
326,lit503,FA20 + BFS30-20°C,FA20 + BFS30,"Kim et al., 1998",ambient,,20.0,0.5,216.0,72.0,108.0,396.0,46.0,95.0,1.0,24.0,720.0,24.0,20.0,9.7,,,,False
327,lit503,FA20 + BFS30-20°C,FA20 + BFS30,"Kim et al., 1998",ambient,,20.0,0.5,216.0,72.0,108.0,396.0,46.0,95.0,3.0,72.0,2160.0,72.0,60.0,18.8,,,,False
328,lit503,FA20 + BFS30-20°C,FA20 + BFS30,"Kim et al., 1998",ambient,,20.0,0.5,216.0,72.0,108.0,396.0,46.0,95.0,7.0,168.0,5040.0,168.0,140.0,24.7,,,,False
329,lit503,OPC-10 °C,OPC,"Kim et al., 1998",ambient,,10.0,0.5,360.0,0.0,0.0,360.0,46.0,95.0,1.0,24.0,480.0,13.777922554035577,10.0,7.2,,,,False
330,lit503,OPC-10 °C,OPC,"Kim et al., 1998",ambient,,10.0,0.5,360.0,0.0,0.0,360.0,46.0,95.0,3.0,72.0,1440.0,41.33376766210673,30.0,15.0,,,,False
331,lit503,OPC-10 °C,OPC,"Kim et al., 1998",ambient,,10.0,0.5,360.0,0.0,0.0,360.0,46.0,95.0,7.0,168.0,3360.0,96.44545787824903,70.0,21.5,,,,False
332,lit503,OPC-20 °C,OPC,"Kim et al., 1998",ambient,,20.0,0.5,360.0,0.0,0.0,360.0,46.0,95.0,1.0,24.0,720.0,24.0,20.0,10.3,,,,False
333,lit503,OPC-20 °C,OPC,"Kim et al., 1998",ambient,,20.0,0.5,360.0,0.0,0.0,360.0,46.0,95.0,3.0,72.0,2160.0,72.0,60.0,20.8,,,,False
334,lit503,OPC-20 °C,OPC,"Kim et al., 1998",ambient,,20.0,0.5,360.0,0.0,0.0,360.0,46.0,95.0,7.0,168.0,5040.0,168.0,140.0,27.6,,,,False
335,lit503,OPC-40 °C,OPC,"Kim et al., 1998",ambient,,40.0,0.5,360.0,0.0,0.0,360.0,46.0,95.0,1.0,24.0,1200.0,65.47643466734098,40.0,16.8,,,,False
336,lit503,OPC-40 °C,OPC,"Kim et al., 1998",ambient,,40.0,0.5,360.0,0.0,0.0,360.0,46.0,95.0,3.0,72.0,3600.0,196.42930400202295,120.0,27.5,,,,False
337,lit503,OPC-40 °C,OPC,"Kim et al., 1998",ambient,,40.0,0.5,360.0,0.0,0.0,360.0,46.0,95.0,7.0,168.0,8400.0,458.3350426713869,280.0,31.4,,,,False
338,lit503,FA20-20 °C,FA20,"Kim et al., 1998",ambient,,20.0,0.5,288.0,72.0,0.0,360.0,46.0,95.0,1.0,24.0,720.0,24.0,20.0,9.5,,,,False
339,lit503,FA20-20 °C,FA20,"Kim et al., 1998",ambient,,20.0,0.5,288.0,72.0,0.0,360.0,46.0,95.0,3.0,72.0,2160.0,72.0,60.0,18.5,,,,False
340,lit503,FA20-20 °C,FA20,"Kim et al., 1998",ambient,,20.0,0.5,288.0,72.0,0.0,360.0,46.0,95.0,7.0,168.0,5040.0,168.0,140.0,24.5,,,,False
341,lit503,BFS30-20 °C,BFS30,"Kim et al., 1998",ambient,,20.0,0.5,252.0,0.0,108.0,360.0,46.0,95.0,1.0,24.0,720.0,24.0,20.0,10.2,,,,False
342,lit503,BFS30-20 °C,BFS30,"Kim et al., 1998",ambient,,20.0,0.5,252.0,0.0,108.0,360.0,46.0,95.0,3.0,72.0,2160.0,72.0,60.0,19.3,,,,False
343,lit503,BFS30-20 °C,BFS30,"Kim et al., 1998",ambient,,20.0,0.5,252.0,0.0,108.0,360.0,46.0,95.0,7.0,168.0,5040.0,168.0,140.0,26.1,,,,False
344,lit503,FA20 + BFS30-20 °C,FA20 + BFS30,"Kim et al., 1998",ambient,,20.0,0.5,216.0,72.0,108.0,396.0,46.0,95.0,1.0,24.0,720.0,24.0,20.0,8.9,,,,False
345,lit503,FA20 + BFS30-20 °C,FA20 + BFS30,"Kim et al., 1998",ambient,,20.0,0.5,216.0,72.0,108.0,396.0,46.0,95.0,3.0,72.0,2160.0,72.0,60.0,17.5,,,,False
346,lit503,FA20 + BFS30-20 °C,FA20 + BFS30,"Kim et al., 1998",ambient,,20.0,0.5,216.0,72.0,108.0,396.0,46.0,95.0,7.0,168.0,5040.0,168.0,140.0,23.2,,,,False
347,lit503,Plain-5 °C,Plain,"Choi et al., 2016",ambient,,5.0,0.795,150.0,0.0,0.0,150.0,40.0,95.0,3.0,72.0,1080.0,30.852631274981118,15.0,6.5,,,,False
348,lit503,Plain-5 °C,Plain,"Choi et al., 2016",ambient,,5.0,0.795,150.0,0.0,0.0,150.0,40.0,95.0,5.0,120.0,1800.0,51.421052124968526,25.0,8.9,,,,False
349,lit503,Plain-5 °C,Plain,"Choi et al., 2016",ambient,,5.0,0.795,150.0,0.0,0.0,150.0,40.0,95.0,7.0,168.0,2520.0,71.98947297495594,35.0,9.0,,,,False
350,lit503,Plain-5 °C,Plain,"Choi et al., 2016",ambient,,5.0,0.795,150.0,0.0,0.0,150.0,40.0,95.0,14.0,336.0,5040.0,143.9789459499119,70.0,9.5,,,,False
351,lit503,Plain-5 °C,Plain,"Choi et al., 2016",ambient,,5.0,0.795,150.0,0.0,0.0,150.0,40.0,95.0,28.0,672.0,10080.0,287.9578918998238,140.0,10.2,,,,False
352,lit503,Plain-20 °C,Plain,"Choi et al., 2016",ambient,,20.0,0.795,150.0,0.0,0.0,150.0,40.0,95.0,3.0,72.0,2160.0,72.0,60.0,6.45,,,,False
353,lit503,Plain-20 °C,Plain,"Choi et al., 2016",ambient,,20.0,0.795,150.0,0.0,0.0,150.0,40.0,95.0,5.0,120.0,3600.0,120.0,100.0,8.23,,,,False
354,lit503,Plain-20 °C,Plain,"Choi et al., 2016",ambient,,20.0,0.795,150.0,0.0,0.0,150.0,40.0,95.0,7.0,168.0,5040.0,168.0,140.0,9.26,,,,False
355,lit503,Plain-20 °C,Plain,"Choi et al., 2016",ambient,,20.0,0.795,150.0,0.0,0.0,150.0,40.0,95.0,14.0,336.0,10080.0,336.0,280.0,9.85,,,,False
356,lit503,Plain-20 °C,Plain,"Choi et al., 2016",ambient,,20.0,0.795,150.0,0.0,0.0,150.0,40.0,95.0,28.0,672.0,20160.0,672.0,560.0,10.5,,,,False
357,lit503,Plain-35 °C,Plain,"Choi et al., 2016",ambient,,35.0,0.795,150.0,0.0,0.0,150.0,40.0,95.0,3.0,72.0,3240.0,154.71846713711412,105.0,7.2,,,,False
358,lit503,Plain-35 °C,Plain,"Choi et al., 2016",ambient,,35.0,0.795,150.0,0.0,0.0,150.0,40.0,95.0,5.0,120.0,5400.0,257.8641118951902,175.0,9.23,,,,False
359,lit503,Plain-35 °C,Plain,"Choi et al., 2016",ambient,,35.0,0.795,150.0,0.0,0.0,150.0,40.0,95.0,7.0,168.0,7560.0,361.00975665326627,245.0,10.1,,,,False
360,lit503,Plain-35 °C,Plain,"Choi et al., 2016",ambient,,35.0,0.795,150.0,0.0,0.0,150.0,40.0,95.0,14.0,336.0,15120.0,722.0195133065325,490.0,10.8,,,,False
361,lit503,Plain-35 °C,Plain,"Choi et al., 2016",ambient,,35.0,0.795,150.0,0.0,0.0,150.0,40.0,95.0,28.0,672.0,30240.0,1444.039026613065,980.0,11.5,,,,False
362,lit503,FRC-5 °C,FRC,"Choi et al., 2016",ambient,,5.0,0.795,150.0,45.0,0.0,195.0,40.0,95.0,3.0,72.0,1080.0,30.852631274981118,15.0,4.0,,,,False
363,lit503,FRC-5 °C,FRC,"Choi et al., 2016",ambient,,5.0,0.795,150.0,45.0,0.0,195.0,40.0,95.0,5.0,120.0,1800.0,51.421052124968526,25.0,4.8,,,,False
364,lit503,FRC-5 °C,FRC,"Choi et al., 2016",ambient,,5.0,0.795,150.0,45.0,0.0,195.0,40.0,95.0,7.0,168.0,2520.0,71.98947297495594,35.0,5.0,,,,False
365,lit503,FRC-5 °C,FRC,"Choi et al., 2016",ambient,,5.0,0.795,150.0,45.0,0.0,195.0,40.0,95.0,14.0,336.0,5040.0,143.9789459499119,70.0,5.6,,,,False
366,lit503,FRC-5 °C,FRC,"Choi et al., 2016",ambient,,5.0,0.795,150.0,45.0,0.0,195.0,40.0,95.0,28.0,672.0,10080.0,287.9578918998238,140.0,6.1,,,,False
367,lit503,FRC-20 °C,FRC,"Choi et al., 2016",ambient,,20.0,0.795,150.0,45.0,0.0,195.0,40.0,95.0,3.0,72.0,2160.0,72.0,60.0,5.24,,,,False
368,lit503,FRC-20 °C,FRC,"Choi et al., 2016",ambient,,20.0,0.795,150.0,45.0,0.0,195.0,40.0,95.0,5.0,120.0,3600.0,120.0,100.0,6.7,,,,False
369,lit503,FRC-20 °C,FRC,"Choi et al., 2016",ambient,,20.0,0.795,150.0,45.0,0.0,195.0,40.0,95.0,7.0,168.0,5040.0,168.0,140.0,7.2,,,,False
370,lit503,FRC-20 °C,FRC,"Choi et al., 2016",ambient,,20.0,0.795,150.0,45.0,0.0,195.0,40.0,95.0,14.0,336.0,10080.0,336.0,280.0,8.0,,,,False
371,lit503,FRC-20 °C,FRC,"Choi et al., 2016",ambient,,20.0,0.795,150.0,45.0,0.0,195.0,40.0,95.0,28.0,672.0,20160.0,672.0,560.0,9.26,,,,False
372,lit503,FRC-35 °C,FRC,"Choi et al., 2016",ambient,,35.0,0.795,150.0,45.0,0.0,195.0,40.0,95.0,3.0,72.0,3240.0,154.71846713711412,105.0,6.22,,,,False
373,lit503,FRC-35 °C,FRC,"Choi et al., 2016",ambient,,35.0,0.795,150.0,45.0,0.0,195.0,40.0,95.0,5.0,120.0,5400.0,257.8641118951902,175.0,7.8,,,,False
374,lit503,FRC-35 °C,FRC,"Choi et al., 2016",ambient,,35.0,0.795,150.0,45.0,0.0,195.0,40.0,95.0,7.0,168.0,7560.0,361.00975665326627,245.0,8.3,,,,False
375,lit503,FRC-35 °C,FRC,"Choi et al., 2016",ambient,,35.0,0.795,150.0,45.0,0.0,195.0,40.0,95.0,14.0,336.0,15120.0,722.0195133065325,490.0,10.0,,,,False
376,lit503,FRC-35 °C,FRC,"Choi et al., 2016",ambient,,35.0,0.795,150.0,45.0,0.0,195.0,40.0,95.0,28.0,672.0,30240.0,1444.039026613065,980.0,12.4,,,,False
377,lit503,Ref-Nurse-Saul-20 °C,Ref-Nurse-Saul,"Lee et al.,2017",ambient,,20.0,0.45,380.0,0.0,0.0,380.0,47.0,95.0,1.0,24.0,720.0,24.0,20.0,14.0,,,,False
378,lit503,Ref-Nurse-Saul-20 °C,Ref-Nurse-Saul,"Lee et al.,2017",ambient,,20.0,0.45,380.0,0.0,0.0,380.0,47.0,95.0,3.0,72.0,2160.0,72.0,60.0,24.6,,,,False
379,lit503,Ref-Nurse-Saul-20 °C,Ref-Nurse-Saul,"Lee et al.,2017",ambient,,20.0,0.45,380.0,0.0,0.0,380.0,47.0,95.0,7.0,168.0,5040.0,168.0,140.0,32.0,,,,False
380,lit503,Ref-Arrhenius-30 °C,Ref-Arrhenius,"Lee et al.,2017",ambient,,30.0,0.45,380.0,0.0,0.0,380.0,47.0,95.0,1.0,24.0,960.0,40.302984740633946,30.0,18.3,,,,False
381,lit503,Ref-Arrhenius-30 °C,Ref-Arrhenius,"Lee et al.,2017",ambient,,30.0,0.45,380.0,0.0,0.0,380.0,47.0,95.0,3.0,72.0,2880.0,120.90895422190184,90.0,29.0,,,,False
382,lit503,Ref-Arrhenius-30 °C,Ref-Arrhenius,"Lee et al.,2017",ambient,,30.0,0.45,380.0,0.0,0.0,380.0,47.0,95.0,7.0,168.0,6720.0,282.1208931844376,210.0,36.5,,,,False
383,lit503,Freiesleben–Hansen Model (τ = 2 days),Freiesleben–Hansen Model (τ = 2 days),"Lee et al.,2017",ambient,,20.0,0.45,380.0,0.0,0.0,380.0,47.0,95.0,1.0,24.0,720.0,24.0,20.0,13.2,,,,False
384,lit503,Freiesleben–Hansen Model (τ = 2 days),Freiesleben–Hansen Model (τ = 2 days),"Lee et al.,2017",ambient,,20.0,0.45,380.0,0.0,0.0,380.0,47.0,95.0,3.0,72.0,2160.0,72.0,60.0,24.0,,,,False
385,lit503,Freiesleben–Hansen Model (τ = 2 days),Freiesleben–Hansen Model (τ = 2 days),"Lee et al.,2017",ambient,,20.0,0.45,380.0,0.0,0.0,380.0,47.0,95.0,7.0,168.0,5040.0,168.0,140.0,31.7,,,,False
386,lit503,ICC-No 1 (insulated),ICC-No 1 (insulated),"Lee et al., 2004",ambient,,2.0,0.512,354.0,0.0,0.0,354.0,45.0,95.0,7.0,168.0,2016.0,60.09600207766,14.0,10.6,,,,False
387,lit503,ICC-No 1 (insulated),ICC-No 1 (insulated),"Lee et al., 2004",ambient,,2.0,0.512,354.0,0.0,0.0,354.0,45.0,95.0,10.0,240.0,2880.0,85.8514315395143,20.0,15.2,,,,False
388,lit503,ICC-No 1 (insulated),ICC-No 1 (insulated),"Lee et al., 2004",ambient,,2.0,0.512,354.0,0.0,0.0,354.0,45.0,95.0,13.0,312.0,3744.0,111.60686100136859,26.0,18.3,,,,False
389,lit503,ICC-No 1 (insulated),ICC-No 1 (insulated),"Lee et al., 2004",ambient,,2.0,0.512,354.0,0.0,0.0,354.0,45.0,95.0,16.0,384.0,4608.0,137.36229046322288,32.0,20.3,,,,False
390,lit503,ICC-No 1 (insulated),ICC-No 1 (insulated),"Lee et al., 2004",ambient,,2.0,0.512,354.0,0.0,0.0,354.0,45.0,95.0,28.0,672.0,8064.0,240.38400831064,56.0,20.6,,,,False
391,lit503,OCC-No 1 (non-covered),OCC-No 1 (non-covered),"Lee et al., 2004",ambient,,2.0,0.512,354.0,0.0,0.0,354.0,45.0,95.0,7.0,168.0,2016.0,60.09600207766,14.0,10.4,,,,False
392,lit503,OCC-No 1 (non-covered),OCC-No 1 (non-covered),"Lee et al., 2004",ambient,,2.0,0.512,354.0,0.0,0.0,354.0,45.0,95.0,10.0,240.0,2880.0,85.8514315395143,20.0,11.6,,,,False
393,lit503,OCC-No 1 (non-covered),OCC-No 1 (non-covered),"Lee et al., 2004",ambient,,2.0,0.512,354.0,0.0,0.0,354.0,45.0,95.0,13.0,312.0,3744.0,111.60686100136859,26.0,12.7,,,,False
394,lit503,OCC-No 1 (non-covered),OCC-No 1 (non-covered),"Lee et al., 2004",ambient,,2.0,0.512,354.0,0.0,0.0,354.0,45.0,95.0,16.0,384.0,4608.0,137.36229046322288,32.0,15.4,,,,False
395,lit503,OCC-No 1 (non-covered),OCC-No 1 (non-covered),"Lee et al., 2004",ambient,,2.0,0.512,354.0,0.0,0.0,354.0,45.0,95.0,28.0,672.0,8064.0,240.38400831064,56.0,17.1,,,,False
396,lit503,ICC-No 4 (0.5 °C),ICC-No 4 (0.5 °C),"Lee et al., 2004",ambient,,0.5,0.512,354.0,0.0,0.0,354.0,45.0,95.0,7.0,168.0,1764.0,54.82631579723054,3.5,3.8,,,,False
397,lit503,ICC-No 4 (0.5 °C),ICC-No 4 (0.5 °C),"Lee et al., 2004",ambient,,0.5,0.512,354.0,0.0,0.0,354.0,45.0,95.0,10.0,240.0,2520.0,78.32330828175792,5.0,7.3,,,,False
398,lit503,ICC-No 4 (0.5 °C),ICC-No 4 (0.5 °C),"Lee et al., 2004",ambient,,0.5,0.512,354.0,0.0,0.0,354.0,45.0,95.0,13.0,312.0,3276.0,101.8203007662853,6.5,13.1,,,,False
399,lit503,ICC-No 4 (0.5 °C),ICC-No 4 (0.5 °C),"Lee et al., 2004",ambient,,0.5,0.512,354.0,0.0,0.0,354.0,45.0,95.0,16.0,384.0,4032.0,125.31729325081267,8.0,14.7,,,,False
400,lit503,ICC-No 4 (0.5 °C),ICC-No 4 (0.5 °C),"Lee et al., 2004",ambient,,0.5,0.512,354.0,0.0,0.0,354.0,45.0,95.0,28.0,672.0,7056.0,219.30526318892217,14.0,17.1,,,,False
401,lit503,OCC-No 4 (0.5 °C),OCC-No 4 (0.5 °C),"Lee et al., 2004",ambient,,0.5,0.512,354.0,0.0,0.0,354.0,45.0,95.0,7.0,168.0,1764.0,54.82631579723054,3.5,2.1,,,,False
402,lit503,OCC-No 4 (0.5 °C),OCC-No 4 (0.5 °C),"Lee et al., 2004",ambient,,0.5,0.512,354.0,0.0,0.0,354.0,45.0,95.0,10.0,240.0,2520.0,78.32330828175792,5.0,4.9,,,,False
403,lit503,OCC-No 4 (0.5 °C),OCC-No 4 (0.5 °C),"Lee et al., 2004",ambient,,0.5,0.512,354.0,0.0,0.0,354.0,45.0,95.0,13.0,312.0,3276.0,101.8203007662853,6.5,5.2,,,,False
404,lit503,OCC-No 4 (0.5 °C),OCC-No 4 (0.5 °C),"Lee et al., 2004",ambient,,0.5,0.512,354.0,0.0,0.0,354.0,45.0,95.0,16.0,384.0,4032.0,125.31729325081267,8.0,7.9,,,,False
405,lit503,OCC-No 4 (0.5 °C),OCC-No 4 (0.5 °C),"Lee et al., 2004",ambient,,0.5,0.512,354.0,0.0,0.0,354.0,45.0,95.0,28.0,672.0,7056.0,219.30526318892217,14.0,10.6,,,,False
406,lit503,HSC-25-5,HSC,"Kim et l., 1996",ambient,,5.0,0.25,560.0,0.0,0.0,560.0,45.0,95.0,1.0,24.0,360.0,10.284210424993706,5.0,20.1,,,,False
407,lit503,HSC-25-5,HSC,"Kim et l., 1996",ambient,,5.0,0.25,560.0,0.0,0.0,560.0,45.0,95.0,3.0,72.0,1080.0,30.852631274981118,15.0,31.8,,,,False
408,lit503,HSC-25-5,HSC,"Kim et l., 1996",ambient,,5.0,0.25,560.0,0.0,0.0,560.0,45.0,95.0,7.0,168.0,2520.0,71.98947297495594,35.0,45.2,,,,False
409,lit503,HSC-25-5,HSC,"Kim et l., 1996",ambient,,5.0,0.25,560.0,0.0,0.0,560.0,45.0,95.0,14.0,336.0,5040.0,143.9789459499119,70.0,53.6,,,,False
410,lit503,HSC-25-5,HSC,"Kim et l., 1996",ambient,,5.0,0.25,560.0,0.0,0.0,560.0,45.0,95.0,28.0,672.0,10080.0,287.9578918998238,140.0,62.4,,,,False
411,lit503,HSC-25-20,HSC,"Kim et l., 1996",ambient,,20.0,0.25,560.0,0.0,0.0,560.0,45.0,95.0,1.0,24.0,720.0,24.0,20.0,29.4,,,,False
412,lit503,HSC-25-20,HSC,"Kim et l., 1996",ambient,,20.0,0.25,560.0,0.0,0.0,560.0,45.0,95.0,3.0,72.0,2160.0,72.0,60.0,46.8,,,,False
413,lit503,HSC-25-20,HSC,"Kim et l., 1996",ambient,,20.0,0.25,560.0,0.0,0.0,560.0,45.0,95.0,7.0,168.0,5040.0,168.0,140.0,63.3,,,,False
414,lit503,HSC-25-20,HSC,"Kim et l., 1996",ambient,,20.0,0.25,560.0,0.0,0.0,560.0,45.0,95.0,14.0,336.0,10080.0,336.0,280.0,71.6,,,,False
415,lit503,HSC-25-20,HSC,"Kim et l., 1996",ambient,,20.0,0.25,560.0,0.0,0.0,560.0,45.0,95.0,28.0,672.0,20160.0,672.0,560.0,82.1,,,,False
416,lit503,HSC-25-40,HSC,"Kim et l., 1996",ambient,,40.0,0.25,560.0,0.0,0.0,560.0,45.0,95.0,1.0,24.0,1200.0,65.47643466734098,40.0,40.3,,,,False
417,lit503,HSC-25-40,HSC,"Kim et l., 1996",ambient,,40.0,0.25,560.0,0.0,0.0,560.0,45.0,95.0,3.0,72.0,3600.0,196.42930400202295,120.0,58.7,,,,False
418,lit503,HSC-25-40,HSC,"Kim et l., 1996",ambient,,40.0,0.25,560.0,0.0,0.0,560.0,45.0,95.0,7.0,168.0,8400.0,458.3350426713869,280.0,74.5,,,,False
419,lit503,HSC-25-40,HSC,"Kim et l., 1996",ambient,,40.0,0.25,560.0,0.0,0.0,560.0,45.0,95.0,14.0,336.0,16800.0,916.6700853427737,560.0,81.4,,,,False
420,lit503,HSC-25-40,HSC,"Kim et l., 1996",ambient,,40.0,0.25,560.0,0.0,0.0,560.0,45.0,95.0,28.0,672.0,33600.0,1833.3401706855475,1120.0,86.2,,,,False
421,lit503,HSC-30-5,HSC,"Nam et al., 1997",ambient,,5.0,0.3,515.0,0.0,0.0,515.0,45.0,95.0,1.0,24.0,360.0,10.284210424993706,5.0,23.5,,,,False
422,lit503,HSC-30-5,HSC,"Nam et al., 1997",ambient,,5.0,0.3,515.0,0.0,0.0,515.0,45.0,95.0,3.0,72.0,1080.0,30.852631274981118,15.0,35.6,,,,False
423,lit503,HSC-30-5,HSC,"Nam et al., 1997",ambient,,5.0,0.3,515.0,0.0,0.0,515.0,45.0,95.0,7.0,168.0,2520.0,71.98947297495594,35.0,50.4,,,,False
424,lit503,HSC-30-5,HSC,"Nam et al., 1997",ambient,,5.0,0.3,515.0,0.0,0.0,515.0,45.0,95.0,14.0,336.0,5040.0,143.9789459499119,70.0,61.8,,,,False
425,lit503,HSC-30-5,HSC,"Nam et al., 1997",ambient,,5.0,0.3,515.0,0.0,0.0,515.0,45.0,95.0,28.0,672.0,10080.0,287.9578918998238,140.0,69.2,,,,False
426,lit503,HSC-30-20,HSC,"Nam et al., 1997",ambient,,20.0,0.3,515.0,0.0,0.0,515.0,45.0,95.0,1.0,24.0,720.0,24.0,20.0,29.2,,,,False
427,lit503,HSC-30-20,HSC,"Nam et al., 1997",ambient,,20.0,0.3,515.0,0.0,0.0,515.0,45.0,95.0,3.0,72.0,2160.0,72.0,60.0,46.7,,,,False
428,lit503,HSC-30-20,HSC,"Nam et al., 1997",ambient,,20.0,0.3,515.0,0.0,0.0,515.0,45.0,95.0,7.0,168.0,5040.0,168.0,140.0,62.3,,,,False
429,lit503,HSC-30-20,HSC,"Nam et al., 1997",ambient,,20.0,0.3,515.0,0.0,0.0,515.0,45.0,95.0,14.0,336.0,10080.0,336.0,280.0,73.6,,,,False
430,lit503,HSC-30-20,HSC,"Nam et al., 1997",ambient,,20.0,0.3,515.0,0.0,0.0,515.0,45.0,95.0,28.0,672.0,20160.0,672.0,560.0,81.8,,,,False
431,lit503,HSC-30-40,HSC,"Nam et al., 1997",ambient,,40.0,0.3,515.0,0.0,0.0,515.0,45.0,95.0,1.0,24.0,1200.0,65.47643466734098,40.0,40.7,,,,False
432,lit503,HSC-30-40,HSC,"Nam et al., 1997",ambient,,40.0,0.3,515.0,0.0,0.0,515.0,45.0,95.0,3.0,72.0,3600.0,196.42930400202295,120.0,59.5,,,,False
433,lit503,HSC-30-40,HSC,"Nam et al., 1997",ambient,,40.0,0.3,515.0,0.0,0.0,515.0,45.0,95.0,7.0,168.0,8400.0,458.3350426713869,280.0,75.4,,,,False
434,lit503,HSC-30-40,HSC,"Nam et al., 1997",ambient,,40.0,0.3,515.0,0.0,0.0,515.0,45.0,95.0,14.0,336.0,16800.0,916.6700853427737,560.0,83.7,,,,False
435,lit503,HSC-30-40,HSC,"Nam et al., 1997",ambient,,40.0,0.3,515.0,0.0,0.0,515.0,45.0,95.0,28.0,672.0,33600.0,1833.3401706855475,1120.0,88.9,,,,False
436,lit503,OPC-5,OPC,"Kim et al., 1999",ambient,,5.0,0.45,370.0,0.0,0.0,370.0,47.0,95.0,1.0,24.0,360.0,10.284210424993706,5.0,11.8,,,,False
437,lit503,OPC-5,OPC,"Kim et al., 1999",ambient,,5.0,0.45,370.0,0.0,0.0,370.0,47.0,95.0,3.0,72.0,1080.0,30.852631274981118,15.0,20.3,,,,False
438,lit503,OPC-5,OPC,"Kim et al., 1999",ambient,,5.0,0.45,370.0,0.0,0.0,370.0,47.0,95.0,7.0,168.0,2520.0,71.98947297495594,35.0,27.5,,,,False
439,lit503,OPC-20,OPC,"Kim et al., 1999",ambient,,20.0,0.45,370.0,0.0,0.0,370.0,47.0,95.0,1.0,24.0,720.0,24.0,20.0,17.9,,,,False
440,lit503,OPC-20,OPC,"Kim et al., 1999",ambient,,20.0,0.45,370.0,0.0,0.0,370.0,47.0,95.0,3.0,72.0,2160.0,72.0,60.0,27.5,,,,False
441,lit503,OPC-20,OPC,"Kim et al., 1999",ambient,,20.0,0.45,370.0,0.0,0.0,370.0,47.0,95.0,7.0,168.0,5040.0,168.0,140.0,35.7,,,,False
442,lit503,OPC-40,OPC,"Kim et al., 1999",ambient,,40.0,0.45,370.0,0.0,0.0,370.0,47.0,95.0,1.0,24.0,1200.0,65.47643466734098,40.0,25.6,,,,False
443,lit503,OPC-40,OPC,"Kim et al., 1999",ambient,,40.0,0.45,370.0,0.0,0.0,370.0,47.0,95.0,3.0,72.0,3600.0,196.42930400202295,120.0,36.9,,,,False
444,lit503,OPC-40,OPC,"Kim et al., 1999",ambient,,40.0,0.45,370.0,0.0,0.0,370.0,47.0,95.0,7.0,168.0,8400.0,458.3350426713869,280.0,44.6,,,,False
445,lit503,FA20-20,FA20,"Kim et al., 1999",ambient,,20.0,0.45,296.0,72.0,0.0,370.0,47.0,95.0,1.0,24.0,720.0,24.0,20.0,15.2,,,,False
446,lit503,FA20-20,FA20,"Kim et al., 1999",ambient,,20.0,0.45,296.0,72.0,0.0,370.0,47.0,95.0,3.0,72.0,2160.0,72.0,60.0,25.1,,,,False
447,lit503,FA20-20,FA20,"Kim et al., 1999",ambient,,20.0,0.45,296.0,72.0,0.0,370.0,47.0,95.0,7.0,168.0,5040.0,168.0,140.0,33.8,,,,False
448,lit503,BFS30-20,BFS30,"Kim et al., 1999",ambient,,20.0,0.45,259.0,0.0,111.0,370.0,47.0,95.0,1.0,24.0,720.0,24.0,20.0,16.5,,,,False
449,lit503,BFS30-20,BFS30,"Kim et al., 1999",ambient,,20.0,0.45,259.0,0.0,111.0,370.0,47.0,95.0,3.0,72.0,2160.0,72.0,60.0,26.7,,,,False
450,lit503,BFS30-20,BFS30,"Kim et al., 1999",ambient,,20.0,0.45,259.0,0.0,111.0,370.0,47.0,95.0,7.0,168.0,5040.0,168.0,140.0,34.5,,,,False
451,lit503,FA20 + BFS30-20,FA20 + BFS30,"Kim et al., 1999",ambient,,20.0,0.45,222.0,74.0,111.0,407.0,47.0,95.0,1.0,24.0,720.0,24.0,20.0,14.6,,,,False
452,lit503,FA20 + BFS30-20,FA20 + BFS30,"Kim et al., 1999",ambient,,20.0,0.45,222.0,74.0,111.0,407.0,47.0,95.0,3.0,72.0,2160.0,72.0,60.0,23.3,,,,False
453,lit503,FA20 + BFS30-20,FA20 + BFS30,"Kim et al., 1999",ambient,,20.0,0.45,222.0,74.0,111.0,407.0,47.0,95.0,7.0,168.0,5040.0,168.0,140.0,31.1,,,,False
454,lit503,OPC-5,OPC,"Kim et al., 1995",ambient,,5.0,0.5,360.0,0.0,0.0,360.0,46.0,95.0,1.0,24.0,360.0,10.284210424993706,5.0,10.5,,,,False
455,lit503,OPC-5,OPC,"Kim et al., 1995",ambient,,5.0,0.5,360.0,0.0,0.0,360.0,46.0,95.0,3.0,72.0,1080.0,30.852631274981118,15.0,18.6,,,,False
456,lit503,OPC-5,OPC,"Kim et al., 1995",ambient,,5.0,0.5,360.0,0.0,0.0,360.0,46.0,95.0,7.0,168.0,2520.0,71.98947297495594,35.0,24.8,,,,False
457,lit503,OPC-5,OPC,"Kim et al., 1995",ambient,,5.0,0.5,360.0,0.0,0.0,360.0,46.0,95.0,14.0,336.0,5040.0,143.9789459499119,70.0,31.2,,,,False
458,lit503,OPC-5,OPC,"Kim et al., 1995",ambient,,5.0,0.5,360.0,0.0,0.0,360.0,46.0,95.0,28.0,672.0,10080.0,287.9578918998238,140.0,36.5,,,,False
459,lit503,OPC-20,OPC,"Kim et al., 1995",ambient,,20.0,0.5,360.0,0.0,0.0,360.0,46.0,95.0,1.0,24.0,720.0,24.0,20.0,15.2,,,,False
460,lit503,OPC-20,OPC,"Kim et al., 1995",ambient,,20.0,0.5,360.0,0.0,0.0,360.0,46.0,95.0,3.0,72.0,2160.0,72.0,60.0,25.7,,,,False
461,lit503,OPC-20,OPC,"Kim et al., 1995",ambient,,20.0,0.5,360.0,0.0,0.0,360.0,46.0,95.0,7.0,168.0,5040.0,168.0,140.0,32.9,,,,False
462,lit503,OPC-20,OPC,"Kim et al., 1995",ambient,,20.0,0.5,360.0,0.0,0.0,360.0,46.0,95.0,14.0,336.0,10080.0,336.0,280.0,38.7,,,,False
463,lit503,OPC-20,OPC,"Kim et al., 1995",ambient,,20.0,0.5,360.0,0.0,0.0,360.0,46.0,95.0,28.0,672.0,20160.0,672.0,560.0,42.8,,,,False
464,lit503,OPC-40,OPC,"Kim et al., 1995",ambient,,40.0,0.5,360.0,0.0,0.0,360.0,46.0,95.0,1.0,24.0,1200.0,65.47643466734098,40.0,21.6,,,,False
465,lit503,OPC-40,OPC,"Kim et al., 1995",ambient,,40.0,0.5,360.0,0.0,0.0,360.0,46.0,95.0,3.0,72.0,3600.0,196.42930400202295,120.0,31.8,,,,False
466,lit503,OPC-40,OPC,"Kim et al., 1995",ambient,,40.0,0.5,360.0,0.0,0.0,360.0,46.0,95.0,7.0,168.0,8400.0,458.3350426713869,280.0,40.9,,,,False
467,lit503,OPC-40,OPC,"Kim et al., 1995",ambient,,40.0,0.5,360.0,0.0,0.0,360.0,46.0,95.0,14.0,336.0,16800.0,916.6700853427737,560.0,46.2,,,,False
468,lit503,OPC-40,OPC,"Kim et al., 1995",ambient,,40.0,0.5,360.0,0.0,0.0,360.0,46.0,95.0,28.0,672.0,33600.0,1833.3401706855475,1120.0,49.8,,,,False
469,lit503,OPC-5,OPC,"Khil et al.,1998",ambient,,5.0,0.45,370.0,0.0,0.0,370.0,47.0,95.0,1.0,24.0,360.0,10.284210424993706,5.0,12.4,,,,False
470,lit503,OPC-5,OPC,"Khil et al.,1998",ambient,,5.0,0.45,370.0,0.0,0.0,370.0,47.0,95.0,3.0,72.0,1080.0,30.852631274981118,15.0,19.6,,,,False
471,lit503,OPC-5,OPC,"Khil et al.,1998",ambient,,5.0,0.45,370.0,0.0,0.0,370.0,47.0,95.0,7.0,168.0,2520.0,71.98947297495594,35.0,27.2,,,,False
472,lit503,OPC-20,OPC,"Khil et al.,1998",ambient,,20.0,0.45,370.0,0.0,0.0,370.0,47.0,95.0,1.0,24.0,720.0,24.0,20.0,17.5,,,,False
473,lit503,OPC-20,OPC,"Khil et al.,1998",ambient,,20.0,0.45,370.0,0.0,0.0,370.0,47.0,95.0,3.0,72.0,2160.0,72.0,60.0,27.8,,,,False
474,lit503,OPC-20,OPC,"Khil et al.,1998",ambient,,20.0,0.45,370.0,0.0,0.0,370.0,47.0,95.0,7.0,168.0,5040.0,168.0,140.0,35.6,,,,False
475,lit503,OPC-40,OPC,"Khil et al.,1998",ambient,,40.0,0.45,370.0,0.0,0.0,370.0,47.0,95.0,1.0,24.0,1200.0,65.47643466734098,40.0,24.3,,,,False
476,lit503,OPC-40,OPC,"Khil et al.,1998",ambient,,40.0,0.45,370.0,0.0,0.0,370.0,47.0,95.0,3.0,72.0,3600.0,196.42930400202295,120.0,34.9,,,,False
477,lit503,OPC-40,OPC,"Khil et al.,1998",ambient,,40.0,0.45,370.0,0.0,0.0,370.0,47.0,95.0,7.0,168.0,8400.0,458.3350426713869,280.0,42.7,,,,False
478,lit503,FA20-20,FA20,"Khil et al.,1998",ambient,,20.0,0.45,296.0,72.0,0.0,370.0,47.0,95.0,1.0,24.0,720.0,24.0,20.0,14.3,,,,False
479,lit503,FA20-20,FA20,"Khil et al.,1998",ambient,,20.0,0.45,296.0,72.0,0.0,370.0,47.0,95.0,3.0,72.0,2160.0,72.0,60.0,24.5,,,,False
480,lit503,FA20-20,FA20,"Khil et al.,1998",ambient,,20.0,0.45,296.0,72.0,0.0,370.0,47.0,95.0,7.0,168.0,5040.0,168.0,140.0,33.1,,,,False
481,lit503,BFS30-20,BFS30,"Khil et al.,1998",ambient,,20.0,0.45,259.0,0.0,111.0,370.0,47.0,95.0,1.0,24.0,720.0,24.0,20.0,15.8,,,,False
482,lit503,BFS30-20,BFS30,"Khil et al.,1998",ambient,,20.0,0.45,259.0,0.0,111.0,370.0,47.0,95.0,3.0,72.0,2160.0,72.0,60.0,26.1,,,,False
483,lit503,BFS30-20,BFS30,"Khil et al.,1998",ambient,,20.0,0.45,259.0,0.0,111.0,370.0,47.0,95.0,7.0,168.0,5040.0,168.0,140.0,34.0,,,,False
484,lit503,FA20 + BFS30-20,FA20 + BFS30,"Khil et al.,1998",ambient,,20.0,0.45,222.0,74.0,111.0,407.0,47.0,95.0,1.0,24.0,720.0,24.0,20.0,13.6,,,,False
485,lit503,FA20 + BFS30-20,FA20 + BFS30,"Khil et al.,1998",ambient,,20.0,0.45,222.0,74.0,111.0,407.0,47.0,95.0,3.0,72.0,2160.0,72.0,60.0,22.4,,,,False
486,lit503,FA20 + BFS30-20,FA20 + BFS30,"Khil et al.,1998",ambient,,20.0,0.45,222.0,74.0,111.0,407.0,47.0,95.0,7.0,168.0,5040.0,168.0,140.0,30.9,,,,False
487,lit503,W/C 0.30 – 10 °C,W/C 0.30,"Han et al.,1998",ambient,,10.0,0.3,500.0,0.0,0.0,500.0,46.0,95.0,1.0,24.0,480.0,13.777922554035577,10.0,18.5,,,,False
488,lit503,W/C 0.30 – 10 °C,W/C 0.30,"Han et al.,1998",ambient,,10.0,0.3,500.0,0.0,0.0,500.0,46.0,95.0,3.0,72.0,1440.0,41.33376766210673,30.0,28.9,,,,False
489,lit503,W/C 0.30 – 10 °C,W/C 0.30,"Han et al.,1998",ambient,,10.0,0.3,500.0,0.0,0.0,500.0,46.0,95.0,7.0,168.0,3360.0,96.44545787824903,70.0,40.7,,,,False
490,lit503,W/C 0.30 – 30 °C,W/C 0.30,"Han et al.,1998",ambient,,30.0,0.3,500.0,0.0,0.0,500.0,46.0,95.0,1.0,24.0,960.0,40.302984740633946,30.0,25.6,,,,False
491,lit503,W/C 0.30 – 30 °C,W/C 0.30,"Han et al.,1998",ambient,,30.0,0.3,500.0,0.0,0.0,500.0,46.0,95.0,3.0,72.0,2880.0,120.90895422190184,90.0,36.8,,,,False
492,lit503,W/C 0.30 – 30 °C,W/C 0.30,"Han et al.,1998",ambient,,30.0,0.3,500.0,0.0,0.0,500.0,46.0,95.0,7.0,168.0,6720.0,282.1208931844376,210.0,47.5,,,,False
493,lit503,W/C 0.45 – 10 °C,W/C 0.45,"Han et al.,1998",ambient,,10.0,0.45,370.0,0.0,0.0,370.0,47.0,95.0,1.0,24.0,480.0,13.777922554035577,10.0,12.8,,,,False
494,lit503,W/C 0.45 – 10 °C,W/C 0.45,"Han et al.,1998",ambient,,10.0,0.45,370.0,0.0,0.0,370.0,47.0,95.0,3.0,72.0,1440.0,41.33376766210673,30.0,20.3,,,,False
495,lit503,W/C 0.45 – 10 °C,W/C 0.45,"Han et al.,1998",ambient,,10.0,0.45,370.0,0.0,0.0,370.0,47.0,95.0,7.0,168.0,3360.0,96.44545787824903,70.0,28.4,,,,False
496,lit503,W/C 0.45 – 30 °C,W/C 0.45,"Han et al.,1998",ambient,,30.0,0.45,370.0,0.0,0.0,370.0,47.0,95.0,1.0,24.0,960.0,40.302984740633946,30.0,18.6,,,,False
497,lit503,W/C 0.45 – 30 °C,W/C 0.45,"Han et al.,1998",ambient,,30.0,0.45,370.0,0.0,0.0,370.0,47.0,95.0,3.0,72.0,2880.0,120.90895422190184,90.0,29.5,,,,False
498,lit503,W/C 0.45 – 30 °C,W/C 0.45,"Han et al.,1998",ambient,,30.0,0.45,370.0,0.0,0.0,370.0,47.0,95.0,7.0,168.0,6720.0,282.1208931844376,210.0,38.2,,,,False
499,lit503,W/C 0.60 – 10 °C,W/C 0.60,"Han et al.,1998",ambient,,10.0,0.6,300.0,0.0,0.0,300.0,48.0,95.0,1.0,24.0,480.0,13.777922554035577,10.0,9.7,,,,False
500,lit503,W/C 0.60 – 10 °C,W/C 0.60,"Han et al.,1998",ambient,,10.0,0.6,300.0,0.0,0.0,300.0,48.0,95.0,3.0,72.0,1440.0,41.33376766210673,30.0,14.8,,,,False
501,lit503,W/C 0.60 – 10 °C,W/C 0.60,"Han et al.,1998",ambient,,10.0,0.6,300.0,0.0,0.0,300.0,48.0,95.0,7.0,168.0,3360.0,96.44545787824903,70.0,21.3,,,,False
502,lit503,W/C 0.60 – 30 °C,W/C 0.60,"Han et al.,1998",ambient,,30.0,0.6,300.0,0.0,0.0,300.0,48.0,95.0,1.0,24.0,960.0,40.302984740633946,30.0,14.3,,,,False
503,lit503,W/C 0.60 – 30 °C,W/C 0.60,"Han et al.,1999",ambient,,30.0,0.6,300.0,0.0,0.0,300.0,48.0,95.0,3.0,72.0,2880.0,120.90895422190184,90.0,22.7,,,,False
504,lit503,W/C 0.60 – 30 °C,W/C 0.60,"Han et al.,2000",ambient,,30.0,0.6,300.0,0.0,0.0,300.0,48.0,95.0,7.0,168.0,6720.0,282.1208931844376,210.0,29.4,,,,False
505,lit503,W/C 0.40 – 5 °C,W/C 0.40,"Kim et al., 1995",ambient,,5.0,0.4,400.0,0.0,0.0,400.0,46.0,95.0,1.0,24.0,360.0,10.284210424993706,5.0,11.2,,,,False
506,lit503,W/C 0.40 – 5 °C,W/C 0.40,"Kim et al., 1995",ambient,,5.0,0.4,400.0,0.0,0.0,400.0,46.0,95.0,3.0,72.0,1080.0,30.852631274981118,15.0,18.9,,,,False
507,lit503,W/C 0.40 – 5 °C,W/C 0.40,"Kim et al., 1995",ambient,,5.0,0.4,400.0,0.0,0.0,400.0,46.0,95.0,7.0,168.0,2520.0,71.98947297495594,35.0,26.7,,,,False
508,lit503,W/C 0.40 – 20 °C,W/C 0.40,"Kim et al., 1995",ambient,,20.0,0.4,400.0,0.0,0.0,400.0,46.0,95.0,1.0,24.0,720.0,24.0,20.0,18.6,,,,False
509,lit503,W/C 0.40 – 20 °C,W/C 0.40,"Kim et al., 1995",ambient,,20.0,0.4,400.0,0.0,0.0,400.0,46.0,95.0,3.0,72.0,2160.0,72.0,60.0,27.3,,,,False
510,lit503,W/C 0.40 – 20 °C,W/C 0.40,"Kim et al., 1995",ambient,,20.0,0.4,400.0,0.0,0.0,400.0,46.0,95.0,7.0,168.0,5040.0,168.0,140.0,34.5,,,,False
511,lit503,W/C 0.40 – 40 °C,W/C 0.40,"Kim et al., 1995",ambient,,40.0,0.4,400.0,0.0,0.0,400.0,46.0,95.0,1.0,24.0,1200.0,65.47643466734098,40.0,24.2,,,,False
512,lit503,W/C 0.40 – 40 °C,W/C 0.40,"Kim et al., 1995",ambient,,40.0,0.4,400.0,0.0,0.0,400.0,46.0,95.0,3.0,72.0,3600.0,196.42930400202295,120.0,33.8,,,,False
513,lit503,W/C 0.40 – 40 °C,W/C 0.40,"Kim et al., 1995",ambient,,40.0,0.4,400.0,0.0,0.0,400.0,46.0,95.0,7.0,168.0,8400.0,458.3350426713869,280.0,41.9,,,,False
514,lit503,W/C 0.50 – 20 °C,W/C 0.50,"Kim et al., 1995",ambient,,20.0,0.5,340.0,0.0,0.0,340.0,47.0,95.0,1.0,24.0,720.0,24.0,20.0,13.5,,,,False
515,lit503,W/C 0.50 – 20 °C,W/C 0.50,"Kim et al., 1995",ambient,,20.0,0.5,340.0,0.0,0.0,340.0,47.0,95.0,3.0,72.0,2160.0,72.0,60.0,22.1,,,,False
516,lit503,W/C 0.50 – 20 °C,W/C 0.50,"Kim et al., 1995",ambient,,20.0,0.5,340.0,0.0,0.0,340.0,47.0,95.0,7.0,168.0,5040.0,168.0,140.0,30.7,,,,False
517,lit503,W/C 0.60 – 20 °C,W/C 0.60,"Kim et al., 1995",ambient,,20.0,0.6,300.0,0.0,0.0,300.0,48.0,95.0,1.0,24.0,720.0,24.0,20.0,10.1,,,,False
518,lit503,W/C 0.60 – 20 °C,W/C 0.60,"Kim et al., 1995",ambient,,20.0,0.6,300.0,0.0,0.0,300.0,48.0,95.0,3.0,72.0,2160.0,72.0,60.0,17.4,,,,False
519,lit503,W/C 0.60 – 20 °C,W/C 0.60,"Kim et al., 1995",ambient,,20.0,0.6,300.0,0.0,0.0,300.0,48.0,95.0,7.0,168.0,5040.0,168.0,140.0,24.6,,,,False
520,lit503,OPC (Ord. Portland),OPC (Ord. Portland),"Kim, 2020",ambient,,25.0,0.235,717.0,10.7,8.8,736.54,46.2,95.0,2.0,48.0,1680.0,62.472935337386915,50.0,34.1,,,,False
521,lit503,OPC (Ord. Portland),OPC (Ord. Portland),"Kim, 2020",ambient,,25.0,0.235,717.0,10.7,8.8,736.54,46.2,95.0,3.0,72.0,2520.0,93.70940300608038,75.0,43.5,,,,False
522,lit503,OPC (Ord. Portland),OPC (Ord. Portland),"Kim, 2020",ambient,,25.0,0.235,717.0,10.7,8.8,736.54,46.2,95.0,5.0,120.0,4200.0,156.1823383434673,125.0,50.5,,,,False
523,lit503,OPC (Ord. Portland),OPC (Ord. Portland),"Kim, 2020",ambient,,25.0,0.235,717.0,10.7,8.8,736.54,46.2,95.0,7.0,168.0,5880.0,218.6552736808542,175.0,57.7,,,,False
524,lit503,OPC (Ord. Portland),OPC (Ord. Portland),"Kim, 2020",ambient,,25.0,0.235,717.0,10.7,8.8,736.54,46.2,95.0,10.0,240.0,8400.0,312.3646766869346,250.0,59.2,,,,False
525,lit503,OPC (Ord. Portland),OPC (Ord. Portland),"Kim, 2020",ambient,,25.0,0.235,717.0,10.7,8.8,736.54,46.2,95.0,14.0,336.0,11760.0,437.3105473617084,350.0,64.2,,,,False
526,lit503,OPC (Ord. Portland),OPC (Ord. Portland),"Kim, 2020",ambient,,25.0,0.235,717.0,10.7,8.8,736.54,46.2,95.0,21.0,504.0,17640.0,655.9658210425627,525.0,65.1,,,,False
527,lit503,OPC (Ord. Portland),OPC (Ord. Portland),"Kim, 2020",ambient,,25.0,0.235,717.0,10.7,8.8,736.54,46.2,95.0,28.0,672.0,23520.0,874.6210947234168,700.0,67.2,,,,False
528,lit503,OPC (Ord. Portland),OPC (Ord. Portland),"Kim, 2020",ambient,,25.0,0.235,717.0,10.7,8.8,736.54,46.2,95.0,56.0,1344.0,47040.0,1749.2421894468337,1400.0,69.5,,,,False
529,lit503,OPC (Ord. Portland),OPC (Ord. Portland),"Kim, 2020",ambient,,25.0,0.235,717.0,10.7,8.8,736.54,46.2,95.0,91.0,2184.0,76440.0,2842.5185578511046,2275.0,71.7,,,,False
530,lit503,LHPC (Low-Heat),LHPC (Low-Heat),"Kim, 2020",ambient,,25.0,0.235,717.0,10.7,8.8,736.54,46.2,95.0,2.0,48.0,1680.0,62.472935337386915,50.0,19.7,,,,False
531,lit503,LHPC (Low-Heat),LHPC (Low-Heat),"Kim, 2020",ambient,,25.0,0.235,717.0,10.7,8.8,736.54,46.2,95.0,3.0,72.0,2520.0,93.70940300608038,75.0,23.8,,,,False
532,lit503,LHPC (Low-Heat),LHPC (Low-Heat),"Kim, 2020",ambient,,25.0,0.235,717.0,10.7,8.8,736.54,46.2,95.0,5.0,120.0,4200.0,156.1823383434673,125.0,25.1,,,,False
533,lit503,LHPC (Low-Heat),LHPC (Low-Heat),"Kim, 2020",ambient,,25.0,0.235,717.0,10.7,8.8,736.54,46.2,95.0,7.0,168.0,5880.0,218.6552736808542,175.0,28.6,,,,False
534,lit503,LHPC (Low-Heat),LHPC (Low-Heat),"Kim, 2020",ambient,,25.0,0.235,717.0,10.7,8.8,736.54,46.2,95.0,10.0,240.0,8400.0,312.3646766869346,250.0,32.4,,,,False
535,lit503,LHPC (Low-Heat),LHPC (Low-Heat),"Kim, 2020",ambient,,25.0,0.235,717.0,10.7,8.8,736.54,46.2,95.0,14.0,336.0,11760.0,437.3105473617084,350.0,35.3,,,,False
536,lit503,LHPC (Low-Heat),LHPC (Low-Heat),"Kim, 2020",ambient,,25.0,0.235,717.0,10.7,8.8,736.54,46.2,95.0,21.0,504.0,17640.0,655.9658210425627,525.0,38.6,,,,False
537,lit503,LHPC (Low-Heat),LHPC (Low-Heat),"Kim, 2020",ambient,,25.0,0.235,717.0,10.7,8.8,736.54,46.2,95.0,28.0,672.0,23520.0,874.6210947234168,700.0,42.5,,,,False
538,lit503,LHPC (Low-Heat),LHPC (Low-Heat),"Kim, 2020",ambient,,25.0,0.235,717.0,10.7,8.8,736.54,46.2,95.0,56.0,1344.0,47040.0,1749.2421894468337,1400.0,63.3,,,,False
539,lit503,LHPC (Low-Heat),LHPC (Low-Heat),"Kim, 2020",ambient,,25.0,0.235,717.0,10.7,8.8,736.54,46.2,95.0,91.0,2184.0,76440.0,2842.5185578511046,2275.0,64.5,,,,False
540,lit503,ESPC (Early-Strength),ESPC (Early-Strength),"Kim, 2020",ambient,,25.0,0.235,717.0,10.7,8.8,736.54,46.2,95.0,2.0,48.0,1680.0,62.472935337386915,50.0,40.3,,,,False
541,lit503,ESPC (Early-Strength),ESPC (Early-Strength),"Kim, 2020",ambient,,25.0,0.235,717.0,10.7,8.8,736.54,46.2,95.0,3.0,72.0,2520.0,93.70940300608038,75.0,49.9,,,,False
542,lit503,ESPC (Early-Strength),ESPC (Early-Strength),"Kim, 2020",ambient,,25.0,0.235,717.0,10.7,8.8,736.54,46.2,95.0,5.0,120.0,4200.0,156.1823383434673,125.0,56.7,,,,False
543,lit503,ESPC (Early-Strength),ESPC (Early-Strength),"Kim, 2020",ambient,,25.0,0.235,717.0,10.7,8.8,736.54,46.2,95.0,7.0,168.0,5880.0,218.6552736808542,175.0,65.4,,,,False
544,lit503,ESPC (Early-Strength),ESPC (Early-Strength),"Kim, 2020",ambient,,25.0,0.235,717.0,10.7,8.8,736.54,46.2,95.0,10.0,240.0,8400.0,312.3646766869346,250.0,68.4,,,,False
545,lit503,ESPC (Early-Strength),ESPC (Early-Strength),"Kim, 2020",ambient,,25.0,0.235,717.0,10.7,8.8,736.54,46.2,95.0,14.0,336.0,11760.0,437.3105473617084,350.0,69.3,,,,False
546,lit503,ESPC (Early-Strength),ESPC (Early-Strength),"Kim, 2020",ambient,,25.0,0.235,717.0,10.7,8.8,736.54,46.2,95.0,21.0,504.0,17640.0,655.9658210425627,525.0,70.3,,,,False
547,lit503,ESPC (Early-Strength),ESPC (Early-Strength),"Kim, 2020",ambient,,25.0,0.235,717.0,10.7,8.8,736.54,46.2,95.0,28.0,672.0,23520.0,874.6210947234168,700.0,71.4,,,,False
548,lit503,ESPC (Early-Strength),ESPC (Early-Strength),"Kim, 2020",ambient,,25.0,0.235,717.0,10.7,8.8,736.54,46.2,95.0,56.0,1344.0,47040.0,1749.2421894468337,1400.0,72.5,,,,False
549,lit503,ESPC (Early-Strength),ESPC (Early-Strength),"Kim, 2020",ambient,,25.0,0.235,717.0,10.7,8.8,736.54,46.2,95.0,91.0,2184.0,76440.0,2842.5185578511046,2275.0,74.8,,,,False
550,lit503,W/C 0.28 – 5 °C,W/C 0.28,"Kwon,2004",ambient,,5.0,0.28,607.0,0.0,0.0,607.0,41.0,95.0,2.0,48.0,720.0,20.56842084998741,10.0,19.0,,,,False
551,lit503,W/C 0.28 – 5 °C,W/C 0.28,"Kwon,2004",ambient,,5.0,0.28,607.0,0.0,0.0,607.0,41.0,95.0,4.0,96.0,1440.0,41.13684169997482,20.0,42.0,,,,False
552,lit503,W/C 0.28 – 5 °C,W/C 0.28,"Kwon,2004",ambient,,5.0,0.28,607.0,0.0,0.0,607.0,41.0,95.0,6.0,144.0,2160.0,61.705262549962235,30.0,51.0,,,,False
553,lit503,W/C 0.28 – 5 °C,W/C 0.28,"Kwon,2004",ambient,,5.0,0.28,607.0,0.0,0.0,607.0,41.0,95.0,14.0,336.0,5040.0,143.9789459499119,70.0,68.0,,,,False
554,lit503,W/C 0.28 – 5 °C,W/C 0.28,"Kwon,2004",ambient,,5.0,0.28,607.0,0.0,0.0,607.0,41.0,95.0,26.0,624.0,9360.0,267.38947104983635,130.0,77.0,,,,False
555,lit503,W/C 0.28 – 5 °C,W/C 0.28,"Kwon,2004",ambient,,5.0,0.28,607.0,0.0,0.0,607.0,41.0,95.0,56.0,1344.0,20160.0,575.9157837996476,280.0,84.0,,,,False
556,lit503,W/C 0.28 – 5 °C,W/C 0.28,"Kwon,2004",ambient,,5.0,0.28,607.0,0.0,0.0,607.0,41.0,95.0,117.0,2808.0,42120.0,1203.2526197242635,585.0,85.0,,,,False
557,lit503,W/C 0.28 – 5 °C,W/C 0.28,"Kwon,2004",ambient,,5.0,0.28,607.0,0.0,0.0,607.0,41.0,95.0,181.0,4344.0,65160.0,1861.4420869238606,905.0,82.0,,,,False
558,lit503,W/C 0.32 – 10 °C,W/C 0.32,"Kwon,2004",ambient,,10.0,0.32,531.0,0.0,0.0,531.0,43.0,95.0,1.0,24.0,480.0,13.777922554035577,10.0,17.0,,,,False
559,lit503,W/C 0.32 – 10 °C,W/C 0.32,"Kwon,2004",ambient,,10.0,0.32,531.0,0.0,0.0,531.0,43.0,95.0,3.0,72.0,1440.0,41.33376766210673,30.0,44.0,,,,False
560,lit503,W/C 0.32 – 10 °C,W/C 0.32,"Kwon,2004",ambient,,10.0,0.32,531.0,0.0,0.0,531.0,43.0,95.0,5.0,120.0,2400.0,68.88961277017788,50.0,54.0,,,,False
561,lit503,W/C 0.32 – 10 °C,W/C 0.32,"Kwon,2004",ambient,,10.0,0.32,531.0,0.0,0.0,531.0,43.0,95.0,11.0,264.0,5280.0,151.55714809439132,110.0,69.0,,,,False
562,lit503,W/C 0.32 – 10 °C,W/C 0.32,"Kwon,2004",ambient,,10.0,0.32,531.0,0.0,0.0,531.0,43.0,95.0,20.0,480.0,9600.0,275.5584510807115,200.0,82.0,,,,False
563,lit503,W/C 0.32 – 10 °C,W/C 0.32,"Kwon,2004",ambient,,10.0,0.32,531.0,0.0,0.0,531.0,43.0,95.0,41.0,984.0,19680.0,564.8948247154586,410.0,89.0,,,,False
564,lit503,W/C 0.32 – 10 °C,W/C 0.32,"Kwon,2004",ambient,,10.0,0.32,531.0,0.0,0.0,531.0,43.0,95.0,86.0,2064.0,41280.0,1184.9013396470596,860.0,87.0,,,,False
565,lit503,W/C 0.32 – 10 °C,W/C 0.32,"Kwon,2004",ambient,,10.0,0.32,531.0,0.0,0.0,531.0,43.0,95.0,136.0,3264.0,65280.0,1873.7974673488384,1360.0,90.0,,,,False
566,lit503,W/C 0.37 – 20 °C,W/C 0.37,"Kwon,2004",ambient,,20.0,0.37,459.0,0.0,0.0,459.0,44.0,95.0,1.0,24.0,720.0,24.0,20.0,31.0,,,,False
567,lit503,W/C 0.37 – 20 °C,W/C 0.37,"Kwon,2004",ambient,,20.0,0.37,459.0,0.0,0.0,459.0,44.0,95.0,2.0,48.0,1440.0,48.0,40.0,51.0,,,,False
568,lit503,W/C 0.37 – 20 °C,W/C 0.37,"Kwon,2004",ambient,,20.0,0.37,459.0,0.0,0.0,459.0,44.0,95.0,3.0,72.0,2160.0,72.0,60.0,62.0,,,,False
569,lit503,W/C 0.37 – 20 °C,W/C 0.37,"Kwon,2004",ambient,,20.0,0.37,459.0,0.0,0.0,459.0,44.0,95.0,7.0,168.0,5040.0,168.0,140.0,73.0,,,,False
570,lit503,W/C 0.37 – 20 °C,W/C 0.37,"Kwon,2004",ambient,,20.0,0.37,459.0,0.0,0.0,459.0,44.0,95.0,14.0,336.0,10080.0,336.0,280.0,75.0,,,,False
571,lit503,W/C 0.37 – 20 °C,W/C 0.37,"Kwon,2004",ambient,,20.0,0.37,459.0,0.0,0.0,459.0,44.0,95.0,28.0,672.0,20160.0,672.0,560.0,92.0,,,,False
572,lit503,W/C 0.37 – 20 °C,W/C 0.37,"Kwon,2004",ambient,,20.0,0.37,459.0,0.0,0.0,459.0,44.0,95.0,56.0,1344.0,40320.0,1344.0,1120.0,101.0,,,,False
573,lit503,W/C 0.37 – 20 °C,W/C 0.37,"Kwon,2004",ambient,,20.0,0.37,459.0,0.0,0.0,459.0,44.0,95.0,91.0,2184.0,65520.0,2184.0,1820.0,90.0,,,,False
574,lit503,W/C 0.45 – 40 °C,W/C 0.45,"Kwon,2004",ambient,,40.0,0.45,378.0,0.0,0.0,378.0,47.0,95.0,0.5,12.0,600.0,32.73821733367049,20.0,18.0,,,,False
575,lit503,W/C 0.45 – 40 °C,W/C 0.45,"Kwon,2004",ambient,,40.0,0.45,378.0,0.0,0.0,378.0,47.0,95.0,1.0,24.0,1200.0,65.47643466734098,40.0,54.0,,,,False
576,lit503,W/C 0.45 – 40 °C,W/C 0.45,"Kwon,2004",ambient,,40.0,0.45,378.0,0.0,0.0,378.0,47.0,95.0,2.0,48.0,2400.0,130.95286933468196,80.0,68.0,,,,False
577,lit503,W/C 0.45 – 40 °C,W/C 0.45,"Kwon,2004",ambient,,40.0,0.45,378.0,0.0,0.0,378.0,47.0,95.0,4.0,96.0,4800.0,261.9057386693639,160.0,77.0,,,,False
578,lit503,W/C 0.45 – 40 °C,W/C 0.45,"Kwon,2004",ambient,,40.0,0.45,378.0,0.0,0.0,378.0,47.0,95.0,8.0,192.0,9600.0,523.8114773387279,320.0,90.0,,,,False
579,lit503,W/C 0.45 – 40 °C,W/C 0.45,"Kwon,2004",ambient,,40.0,0.45,378.0,0.0,0.0,378.0,47.0,95.0,18.0,432.0,21600.0,1178.5758240121377,720.0,91.0,,,,False
580,lit503,W/C 0.45 – 40 °C,W/C 0.45,"Kwon,2004",ambient,,40.0,0.45,378.0,0.0,0.0,378.0,47.0,95.0,34.0,816.0,40800.0,2226.1987786895934,1360.0,93.0,,,,False
581,lit503,W/C 0.45 – 40 °C,W/C 0.45,"Kwon,2004",ambient,,40.0,0.45,378.0,0.0,0.0,378.0,47.0,95.0,59.0,1416.0,70800.0,3863.109645373118,2360.0,93.0,,,,False
582,lit503,OPC – 5 °C,OPC,"Park et al., 2003",ambient,,5.0,0.42,420.0,0.0,0.0,420.0,45.5,95.0,1.0,24.0,360.0,10.284210424993706,5.0,12.8,,,,False
583,lit503,OPC – 5 °C,OPC,"Park et al., 2003",ambient,,5.0,0.42,420.0,0.0,0.0,420.0,45.5,95.0,3.0,72.0,1080.0,30.852631274981118,15.0,20.2,,,,False
584,lit503,OPC – 5 °C,OPC,"Park et al., 2003",ambient,,5.0,0.42,420.0,0.0,0.0,420.0,45.5,95.0,7.0,168.0,2520.0,71.98947297495594,35.0,28.6,,,,False
585,lit503,OPC – 20 °C,OPC,"Park et al., 2003",ambient,,20.0,0.42,420.0,0.0,0.0,420.0,45.5,95.0,1.0,24.0,720.0,24.0,20.0,18.7,,,,False
586,lit503,OPC – 20 °C,OPC,"Park et al., 2003",ambient,,20.0,0.42,420.0,0.0,0.0,420.0,45.5,95.0,3.0,72.0,2160.0,72.0,60.0,27.8,,,,False
587,lit503,OPC – 20 °C,OPC,"Park et al., 2003",ambient,,20.0,0.42,420.0,0.0,0.0,420.0,45.5,95.0,7.0,168.0,5040.0,168.0,140.0,35.4,,,,False
588,lit503,OPC – 40 °C,OPC,"Park et al., 2003",ambient,,40.0,0.42,420.0,0.0,0.0,420.0,45.5,95.0,1.0,24.0,1200.0,65.47643466734098,40.0,24.5,,,,False
589,lit503,OPC – 40 °C,OPC,"Park et al., 2003",ambient,,40.0,0.42,420.0,0.0,0.0,420.0,45.5,95.0,3.0,72.0,3600.0,196.42930400202295,120.0,34.6,,,,False
590,lit503,OPC – 40 °C,OPC,"Park et al., 2003",ambient,,40.0,0.42,420.0,0.0,0.0,420.0,45.5,95.0,7.0,168.0,8400.0,458.3350426713869,280.0,42.8,,,,False
591,lit503,BFS 30% – 20 °C,BFS 30%,"Park et al., 2003",ambient,,20.0,0.42,294.0,0.0,126.0,420.0,45.5,95.0,1.0,24.0,720.0,24.0,20.0,16.8,,,,False
592,lit503,BFS 30% – 20 °C,BFS 30%,"Park et al., 2003",ambient,,20.0,0.42,294.0,0.0,126.0,420.0,45.5,95.0,3.0,72.0,2160.0,72.0,60.0,25.7,,,,False
593,lit503,BFS 30% – 20 °C,BFS 30%,"Park et al., 2003",ambient,,20.0,0.42,294.0,0.0,126.0,420.0,45.5,95.0,7.0,168.0,5040.0,168.0,140.0,33.3,,,,False
594,lit503,FA 20% – 20 °C,FA 20%,"Park et al., 2003",ambient,,20.0,0.42,336.0,84.0,0.0,420.0,45.5,95.0,1.0,24.0,720.0,24.0,20.0,15.2,,,,False
595,lit503,FA 20% – 20 °C,FA 20%,"Park et al., 2003",ambient,,20.0,0.42,336.0,84.0,0.0,420.0,45.5,95.0,3.0,72.0,2160.0,72.0,60.0,23.9,,,,False
596,lit503,FA 20% – 20 °C,FA 20%,"Park et al., 2003",ambient,,20.0,0.42,336.0,84.0,0.0,420.0,45.5,95.0,7.0,168.0,5040.0,168.0,140.0,32.0,,,,False
597,lit503,FA 20% + BFS 30% – 20 °C,FA 20% + BFS 30%,"Park et al., 2003",ambient,,20.0,0.42,252.0,84.0,126.0,462.0,45.5,95.0,1.0,24.0,720.0,24.0,20.0,14.1,,,,False
598,lit503,FA 20% + BFS 30% – 20 °C,FA 20% + BFS 30%,"Park et al., 2003",ambient,,20.0,0.42,252.0,84.0,126.0,462.0,45.5,95.0,3.0,72.0,2160.0,72.0,60.0,22.8,,,,False
599,lit503,FA 20% + BFS 30% – 20 °C,FA 20% + BFS 30%,"Park et al., 2003",ambient,,20.0,0.42,252.0,84.0,126.0,462.0,45.5,95.0,7.0,168.0,5040.0,168.0,140.0,30.1,,,,False
600,lit503,Series A – W/B 0.30 (20 °C),Series A – W/B 0.30 (20 °C),"Han et al., 2000",ambient,,20.0,0.3,550.0,0.0,0.0,550.0,46.0,95.0,1.0,24.0,720.0,24.0,20.0,19.3,,,,False
601,lit503,Series A – W/B 0.30 (20 °C),Series A – W/B 0.30 (20 °C),"Han et al., 2000",ambient,,20.0,0.3,550.0,0.0,0.0,550.0,46.0,95.0,2.0,48.0,1440.0,48.0,40.0,32.5,,,,False
602,lit503,Series A – W/B 0.30 (20 °C),Series A – W/B 0.30 (20 °C),"Han et al., 2000",ambient,,20.0,0.3,550.0,0.0,0.0,550.0,46.0,95.0,3.0,72.0,2160.0,72.0,60.0,41.8,,,,False
603,lit503,Series A – W/B 0.30 (20 °C),Series A – W/B 0.30 (20 °C),"Han et al., 2000",ambient,,20.0,0.3,550.0,0.0,0.0,550.0,46.0,95.0,7.0,168.0,5040.0,168.0,140.0,56.4,,,,False
604,lit503,Series A – W/B 0.30 (20 °C),Series A – W/B 0.30 (20 °C),"Han et al., 2000",ambient,,20.0,0.3,550.0,0.0,0.0,550.0,46.0,95.0,14.0,336.0,10080.0,336.0,280.0,65.7,,,,False
605,lit503,Series A – W/B 0.30 (20 °C),Series A – W/B 0.30 (20 °C),"Han et al., 2000",ambient,,20.0,0.3,550.0,0.0,0.0,550.0,46.0,95.0,28.0,672.0,20160.0,672.0,560.0,72.9,,,,False
606,lit503,Series B – W/B 0.35 (10 °C),Series B – W/B 0.35 (10 °C),"Han et al., 2000",ambient,,10.0,0.35,471.0,0.0,0.0,471.0,46.0,95.0,1.0,24.0,480.0,13.777922554035577,10.0,14.6,,,,False
607,lit503,Series B – W/B 0.35 (10 °C),Series B – W/B 0.35 (10 °C),"Han et al., 2000",ambient,,10.0,0.35,471.0,0.0,0.0,471.0,46.0,95.0,2.0,48.0,960.0,27.555845108071154,20.0,28.2,,,,False
608,lit503,Series B – W/B 0.35 (10 °C),Series B – W/B 0.35 (10 °C),"Han et al., 2000",ambient,,10.0,0.35,471.0,0.0,0.0,471.0,46.0,95.0,3.0,72.0,1440.0,41.33376766210673,30.0,38.6,,,,False
609,lit503,Series B – W/B 0.35 (10 °C),Series B – W/B 0.35 (10 °C),"Han et al., 2000",ambient,,10.0,0.35,471.0,0.0,0.0,471.0,46.0,95.0,7.0,168.0,3360.0,96.44545787824903,70.0,51.2,,,,False
610,lit503,Series B – W/B 0.35 (10 °C),Series B – W/B 0.35 (10 °C),"Han et al., 2000",ambient,,10.0,0.35,471.0,0.0,0.0,471.0,46.0,95.0,14.0,336.0,6720.0,192.89091575649806,140.0,58.7,,,,False
611,lit503,Series B – W/B 0.35 (10 °C),Series B – W/B 0.35 (10 °C),"Han et al., 2000",ambient,,10.0,0.35,471.0,0.0,0.0,471.0,46.0,95.0,28.0,672.0,13440.0,385.7818315129961,280.0,63.4,,,,False
612,lit503,Series C – W/B 0.45 (5 °C),Series C – W/B 0.45 (5 °C),"Han et al., 2000",ambient,,5.0,0.45,367.0,0.0,0.0,367.0,47.0,95.0,1.0,24.0,360.0,10.284210424993706,5.0,8.5,,,,False
613,lit503,Series C – W/B 0.45 (5 °C),Series C – W/B 0.45 (5 °C),"Han et al., 2000",ambient,,5.0,0.45,367.0,0.0,0.0,367.0,47.0,95.0,2.0,48.0,720.0,20.56842084998741,10.0,18.6,,,,False
614,lit503,Series C – W/B 0.45 (5 °C),Series C – W/B 0.45 (5 °C),"Han et al., 2000",ambient,,5.0,0.45,367.0,0.0,0.0,367.0,47.0,95.0,3.0,72.0,1080.0,30.852631274981118,15.0,25.1,,,,False
615,lit503,Series C – W/B 0.45 (5 °C),Series C – W/B 0.45 (5 °C),"Han et al., 2000",ambient,,5.0,0.45,367.0,0.0,0.0,367.0,47.0,95.0,7.0,168.0,2520.0,71.98947297495594,35.0,39.3,,,,False
616,lit503,Series C – W/B 0.45 (5 °C),Series C – W/B 0.45 (5 °C),"Han et al., 2000",ambient,,5.0,0.45,367.0,0.0,0.0,367.0,47.0,95.0,14.0,336.0,5040.0,143.9789459499119,70.0,46.8,,,,False
617,lit503,Series C – W/B 0.45 (5 °C),Series C – W/B 0.45 (5 °C),"Han et al., 2000",ambient,,5.0,0.45,367.0,0.0,0.0,367.0,47.0,95.0,28.0,672.0,10080.0,287.9578918998238,140.0,51.0,,,,False
618,lit503,Series A – 5 °C (OPC),Series A,"Kim et al.,1998",ambient,,5.0,0.43,407.0,0.0,0.0,407.0,46.0,95.0,1.0,24.0,360.0,10.284210424993706,5.0,11.2,,,,False
619,lit503,Series A – 5 °C (OPC),Series A,"Kim et al.,1998",ambient,,5.0,0.43,407.0,0.0,0.0,407.0,46.0,95.0,3.0,72.0,1080.0,30.852631274981118,15.0,18.5,,,,False
620,lit503,Series A – 5 °C (OPC),Series A,"Kim et al.,1998",ambient,,5.0,0.43,407.0,0.0,0.0,407.0,46.0,95.0,7.0,168.0,2520.0,71.98947297495594,35.0,26.4,,,,False
621,lit503,Series A – 5 °C (OPC),Series A,"Kim et al.,1998",ambient,,5.0,0.43,407.0,0.0,0.0,407.0,46.0,95.0,14.0,336.0,5040.0,143.9789459499119,70.0,32.1,,,,False
622,lit503,Series A – 5 °C (OPC),Series A,"Kim et al.,1998",ambient,,5.0,0.43,407.0,0.0,0.0,407.0,46.0,95.0,28.0,672.0,10080.0,287.9578918998238,140.0,36.7,,,,False
623,lit503,Series B – 20 °C (OPC),Series B,"Kim et al.,1998",ambient,,20.0,0.43,407.0,0.0,0.0,407.0,46.0,95.0,1.0,24.0,720.0,24.0,20.0,16.4,,,,False
624,lit503,Series B – 20 °C (OPC),Series B,"Kim et al.,1998",ambient,,20.0,0.43,407.0,0.0,0.0,407.0,46.0,95.0,3.0,72.0,2160.0,72.0,60.0,24.8,,,,False
625,lit503,Series B – 20 °C (OPC),Series B,"Kim et al.,1998",ambient,,20.0,0.43,407.0,0.0,0.0,407.0,46.0,95.0,7.0,168.0,5040.0,168.0,140.0,33.6,,,,False
626,lit503,Series B – 20 °C (OPC),Series B,"Kim et al.,1998",ambient,,20.0,0.43,407.0,0.0,0.0,407.0,46.0,95.0,14.0,336.0,10080.0,336.0,280.0,40.2,,,,False
627,lit503,Series B – 20 °C (OPC),Series B,"Kim et al.,1998",ambient,,20.0,0.43,407.0,0.0,0.0,407.0,46.0,95.0,28.0,672.0,20160.0,672.0,560.0,45.3,,,,False
628,lit503,Series C – 40 °C (OPC),Series C,"Kim et al.,1998",ambient,,40.0,0.43,407.0,0.0,0.0,407.0,46.0,95.0,1.0,24.0,1200.0,65.47643466734098,40.0,22.8,,,,False
629,lit503,Series C – 40 °C (OPC),Series C,"Kim et al.,1998",ambient,,40.0,0.43,407.0,0.0,0.0,407.0,46.0,95.0,3.0,72.0,3600.0,196.42930400202295,120.0,31.4,,,,False
630,lit503,Series C – 40 °C (OPC),Series C,"Kim et al.,1998",ambient,,40.0,0.43,407.0,0.0,0.0,407.0,46.0,95.0,7.0,168.0,8400.0,458.3350426713869,280.0,39.6,,,,False
631,lit503,Series C – 40 °C (OPC),Series C,"Kim et al.,1998",ambient,,40.0,0.43,407.0,0.0,0.0,407.0,46.0,95.0,14.0,336.0,16800.0,916.6700853427737,560.0,45.8,,,,False
632,lit503,Series C – 40 °C (OPC),Series C,"Kim et al.,1998",ambient,,40.0,0.43,407.0,0.0,0.0,407.0,46.0,95.0,28.0,672.0,33600.0,1833.3401706855475,1120.0,48.7,,,,False
633,lit503,Series D – 20 °C (BFS 30%),Series D,"Kim et al.,1998",ambient,,20.0,0.43,285.0,0.0,122.0,407.0,46.0,95.0,1.0,24.0,720.0,24.0,20.0,14.9,,,,False
634,lit503,Series D – 20 °C (BFS 30%),Series D,"Kim et al.,1998",ambient,,20.0,0.43,285.0,0.0,122.0,407.0,46.0,95.0,3.0,72.0,2160.0,72.0,60.0,22.5,,,,False
635,lit503,Series D – 20 °C (BFS 30%),Series D,"Kim et al.,1998",ambient,,20.0,0.43,285.0,0.0,122.0,407.0,46.0,95.0,7.0,168.0,5040.0,168.0,140.0,29.6,,,,False
636,lit503,Series D – 20 °C (BFS 30%),Series D,"Kim et al.,1998",ambient,,20.0,0.43,285.0,0.0,122.0,407.0,46.0,95.0,14.0,336.0,10080.0,336.0,280.0,35.8,,,,False
637,lit503,Series D – 20 °C (BFS 30%),Series D,"Kim et al.,1998",ambient,,20.0,0.43,285.0,0.0,122.0,407.0,46.0,95.0,28.0,672.0,20160.0,672.0,560.0,41.0,,,,False
638,lit503,CKD-0-40 (5 °C),CKD,"Han, 2007",ambient,,5.0,0.4,400.0,0.0,0.0,400.0,46.0,95.0,1.0,24.0,360.0,10.284210424993706,5.0,15.2,,,,False
639,lit503,CKD-0-40 (20 °C),CKD,"Han, 2007",ambient,,20.0,0.4,400.0,0.0,0.0,400.0,46.0,95.0,7.0,168.0,5040.0,168.0,140.0,35.1,,,,False
640,lit503,CKD-0-40 (35 °C),CKD,"Han, 2007",ambient,,35.0,0.4,400.0,0.0,0.0,400.0,46.0,95.0,28.0,672.0,30240.0,1444.039026613065,980.0,44.7,,,,False
641,lit503,CKD-10-40 (20 °C),CKD,"Han, 2007",ambient,,20.0,0.4,360.0,0.0,0.0,360.0,46.0,95.0,1.0,24.0,720.0,24.0,20.0,14.8,,,,False
642,lit503,CKD-10-40 (20 °C),CKD,"Han, 2007",ambient,,20.0,0.4,360.0,0.0,0.0,360.0,46.0,95.0,7.0,168.0,5040.0,168.0,140.0,33.0,,,,False
643,lit503,CKD-20-40 (20 °C),CKD,"Han, 2007",ambient,,20.0,0.4,320.0,0.0,0.0,320.0,46.0,95.0,28.0,672.0,20160.0,672.0,560.0,38.5,,,,False
644,lit503,CKD-0-45 (5 °C),CKD,"Han, 2007",ambient,,5.0,0.45,378.0,0.0,0.0,378.0,47.0,95.0,1.0,24.0,360.0,10.284210424993706,5.0,11.8,,,,False
645,lit503,CKD-0-45 (20 °C),CKD,"Han, 2007",ambient,,20.0,0.45,378.0,0.0,0.0,378.0,47.0,95.0,28.0,672.0,20160.0,672.0,560.0,32.0,,,,False
646,lit503,CKD-10-45 (20 °C),CKD,"Han, 2007",ambient,,20.0,0.45,340.0,0.0,0.0,340.0,47.0,95.0,28.0,672.0,20160.0,672.0,560.0,29.5,,,,False
647,lit503,CKD-20-45 (20 °C),CKD,"Han, 2007",ambient,,20.0,0.45,300.0,0.0,0.0,300.0,47.0,95.0,28.0,672.0,20160.0,672.0,560.0,26.9,,,,False
648,lit503,CKD-0-50 (5 °C),CKD,"Han, 2007",ambient,,5.0,0.5,360.0,0.0,0.0,360.0,48.0,95.0,1.0,24.0,360.0,10.284210424993706,5.0,9.5,,,,False
649,lit503,CKD-0-50 (20 °C),CKD,"Han, 2007",ambient,,20.0,0.5,360.0,0.0,0.0,360.0,48.0,95.0,28.0,672.0,20160.0,672.0,560.0,27.5,,,,False
650,lit503,CKD-10-50 (20 °C),CKD,"Han, 2007",ambient,,20.0,0.5,324.0,0.0,0.0,324.0,48.0,95.0,28.0,672.0,20160.0,672.0,560.0,24.8,,,,False
651,lit503,CKD-20-50 (20 °C),CKD,"Han, 2007",ambient,,20.0,0.5,288.0,0.0,0.0,288.0,48.0,95.0,28.0,672.0,20160.0,672.0,560.0,23.1,,,,False
652,lit503,RAC-1 (0 % RA),RAC,"Choi et al., 2005",ambient,,20.0,0.45,350.0,0.0,0.0,350.0,47.0,95.0,28.0,672.0,20160.0,672.0,560.0,26.46,,,,False
653,lit503,RAC-2 (30 % RA),RAC,"Choi et al., 2005",ambient,,20.0,0.45,400.0,0.0,0.0,400.0,47.0,95.0,28.0,672.0,20160.0,672.0,560.0,26.65,,,,False
654,lit503,RAC-3 (50 % RA),RAC,"Choi et al., 2005",ambient,,20.0,0.45,400.0,0.0,0.0,400.0,47.0,95.0,28.0,672.0,20160.0,672.0,560.0,29.98,,,,False
655,lit503,RAC-4 (0 % RA + FA 10 %),RAC,"Choi et al., 2005",ambient,,20.0,0.5,360.0,40.0,0.0,400.0,47.0,95.0,28.0,672.0,20160.0,672.0,560.0,27.44,,,,False
656,lit503,RAC-5 (50 % RA + FA 10 %),RAC,"Choi et al., 2005",ambient,,20.0,0.5,360.0,40.0,0.0,400.0,47.0,95.0,28.0,672.0,20160.0,672.0,560.0,28.42,,,,False
657,lit503,RAC-6 (0 % RA + FA 20 %),RAC,"Choi et al., 2005",ambient,,20.0,0.55,320.0,80.0,0.0,400.0,47.0,95.0,28.0,672.0,20160.0,672.0,560.0,30.28,,,,False
658,lit503,RAC-7 (50 % RA + FA 20 %),RAC,"Choi et al., 2005",ambient,,20.0,0.55,320.0,80.0,0.0,400.0,47.0,95.0,28.0,672.0,20160.0,672.0,560.0,29.49,,,,False
659,lit503,RAC-8 (100 % RA + FA 30 %),RAC,"Choi et al., 2005",ambient,,20.0,0.65,280.0,120.0,0.0,400.0,47.0,95.0,28.0,672.0,20160.0,672.0,560.0,24.01,,,,False
660,lit503,CT-05 (5 °C),CT,"Kim et al., 1998",ambient,,5.0,0.45,380.0,0.0,0.0,380.0,46.0,95.0,1.0,24.0,360.0,10.284210424993706,5.0,12.4,,,,False
661,lit503,CT-05 (5 °C),CT,"Kim et al., 1998",ambient,,5.0,0.45,380.0,0.0,0.0,380.0,46.0,95.0,3.0,72.0,1080.0,30.852631274981118,15.0,20.8,,,,False
662,lit503,CT-05 (5 °C),CT,"Kim et al., 1998",ambient,,5.0,0.45,380.0,0.0,0.0,380.0,46.0,95.0,7.0,168.0,2520.0,71.98947297495594,35.0,28.9,,,,False
663,lit503,CT-05 (5 °C),CT,"Kim et al., 1998",ambient,,5.0,0.45,380.0,0.0,0.0,380.0,46.0,95.0,28.0,672.0,10080.0,287.9578918998238,140.0,36.2,,,,False
664,lit503,CT-20 (20 °C),CT,"Kim et al., 1998",ambient,,20.0,0.45,380.0,0.0,0.0,380.0,46.0,95.0,1.0,24.0,720.0,24.0,20.0,18.6,,,,False
665,lit503,CT-20 (20 °C),CT,"Kim et al., 1998",ambient,,20.0,0.45,380.0,0.0,0.0,380.0,46.0,95.0,3.0,72.0,2160.0,72.0,60.0,27.5,,,,False
666,lit503,CT-20 (20 °C),CT,"Kim et al., 1998",ambient,,20.0,0.45,380.0,0.0,0.0,380.0,46.0,95.0,7.0,168.0,5040.0,168.0,140.0,36.8,,,,False
667,lit503,CT-20 (20 °C),CT,"Kim et al., 1998",ambient,,20.0,0.45,380.0,0.0,0.0,380.0,46.0,95.0,28.0,672.0,20160.0,672.0,560.0,43.5,,,,False
668,lit503,CT-40 (40 °C),CT,"Kim et al., 1998",ambient,,40.0,0.45,380.0,0.0,0.0,380.0,46.0,95.0,1.0,24.0,1200.0,65.47643466734098,40.0,25.9,,,,False
669,lit503,CT-40 (40 °C),CT,"Kim et al., 1998",ambient,,40.0,0.45,380.0,0.0,0.0,380.0,46.0,95.0,3.0,72.0,3600.0,196.42930400202295,120.0,34.6,,,,False
670,lit503,CT-40 (40 °C),CT,"Kim et al., 1998",ambient,,40.0,0.45,380.0,0.0,0.0,380.0,46.0,95.0,7.0,168.0,8400.0,458.3350426713869,280.0,42.8,,,,False
671,lit503,CT-40 (40 °C),CT,"Kim et al., 1998",ambient,,40.0,0.45,380.0,0.0,0.0,380.0,46.0,95.0,28.0,672.0,33600.0,1833.3401706855475,1120.0,48.3,,,,False
672,lit503,CW-24 (Existing Method),CW,"Lim et al., 2010",ambient,,10.0,0.468,263.0,113.0,0.0,376.0,47.6,90.0,28.0,672.0,13440.0,385.7818315129961,280.0,35.0,,,,False
673,lit503,CW-24 (Existing Method),CW,"Lim et al., 2010",ambient,,10.0,0.468,263.0,113.0,0.0,376.0,47.6,90.0,42.0,1008.0,20160.0,578.6727472694942,420.0,30.0,,,,False
674,lit503,CW-24 (Existing Method),CW,"Lim et al., 2010",ambient,,10.0,0.468,263.0,113.0,0.0,376.0,47.6,90.0,56.0,1344.0,26880.0,771.5636630259922,560.0,27.0,,,,False
675,lit503,CW-27 (Improved Method: Heating + Insulation),CW,"Lim et al., 2010",ambient,,5.0,0.468,263.0,113.0,0.0,376.0,47.6,90.0,28.0,672.0,10080.0,287.9578918998238,140.0,40.0,,,,False
676,lit503,CW-27 (Improved Method: Heating + Insulation),CW,"Lim et al., 2010",ambient,,5.0,0.468,263.0,113.0,0.0,376.0,47.6,90.0,42.0,1008.0,15120.0,431.93683784973564,210.0,30.0,,,,False
677,lit503,CW-27 (Improved Method: Heating + Insulation),CW,"Lim et al., 2010",ambient,,5.0,0.468,263.0,113.0,0.0,376.0,47.6,90.0,56.0,1344.0,20160.0,575.9157837996476,280.0,27.0,,,,False
678,slab,slab_Exp1,slab_Exp1,Park et al. 2026,standard,SC,27.79,0.64,,,,,,51.5,3.0,72.0,2720.88,123.83,83.36999999999999,13.89,24.0,,,True
679,slab,slab_Exp1,slab_Exp1,Park et al. 2026,air,AD,27.79,0.64,,,,,,51.5,3.0,72.0,2720.88,123.83,83.36999999999999,13.77,24.0,,,True
680,slab,slab_Exp1,slab_Exp1,Park et al. 2026,core,Cored,27.79,0.64,,,,,,51.5,3.0,72.0,2720.88,123.83,83.36999999999999,13.0,24.0,,,False
681,slab,slab_Exp1,slab_Exp1,Park et al. 2026,standard,SC,27.79,0.64,,,,,,51.5,7.0,168.0,6348.72,266.22,194.53,17.11,24.0,,,True
682,slab,slab_Exp1,slab_Exp1,Park et al. 2026,air,AD,27.79,0.64,,,,,,51.5,7.0,168.0,6348.72,266.22,194.53,16.08,24.0,,,True
683,slab,slab_Exp1,slab_Exp1,Park et al. 2026,core,Cored,27.79,0.64,,,,,,51.5,7.0,168.0,6348.72,266.22,194.53,15.9,24.0,,,False
684,slab,slab_Exp1,slab_Exp1,Park et al. 2026,standard,SC,27.79,0.64,,,,,,51.5,28.0,672.0,25394.88,947.59,778.12,24.12,24.0,,,True
685,slab,slab_Exp1,slab_Exp1,Park et al. 2026,air,AD,27.79,0.64,,,,,,51.5,28.0,672.0,25394.88,947.59,778.12,22.41,24.0,,,True
686,slab,slab_Exp1,slab_Exp1,Park et al. 2026,core,Cored,27.79,0.64,,,,,,51.5,28.0,672.0,25394.88,947.59,778.12,20.9,24.0,,,False
687,slab,slab_Exp2,slab_Exp2,Park et al. 2026,air,AD,16.47,0.44,,,,,,51.5,1.0,24.0,635.28,28.86,16.47,10.94,32.0,,,True
688,slab,slab_Exp2,slab_Exp2,Park et al. 2026,standard,SC,16.47,0.44,,,,,,51.5,3.0,72.0,1905.84,80.19,49.41,23.67,32.0,,,True
689,slab,slab_Exp2,slab_Exp2,Park et al. 2026,air,AD,16.47,0.44,,,,,,51.5,3.0,72.0,1905.84,80.19,49.41,22.07,32.0,,,True
690,slab,slab_Exp2,slab_Exp2,Park et al. 2026,core,Cored,16.47,0.44,,,,,,51.5,3.0,72.0,1905.84,80.19,49.41,21.3,32.0,,,False
691,slab,slab_Exp2,slab_Exp2,Park et al. 2026,standard,SC,16.47,0.44,,,,,,51.5,7.0,168.0,4446.96,163.63,115.29,27.91,32.0,,,True
692,slab,slab_Exp2,slab_Exp2,Park et al. 2026,air,AD,16.47,0.44,,,,,,51.5,7.0,168.0,4446.96,163.63,115.29,26.85,32.0,,,True
693,slab,slab_Exp2,slab_Exp2,Park et al. 2026,core,Cored,16.47,0.44,,,,,,51.5,7.0,168.0,4446.96,163.63,115.29,27.2,32.0,,,False
694,slab,slab_Exp2,slab_Exp2,Park et al. 2026,standard,SC,16.47,0.44,,,,,,51.5,14.0,336.0,8893.92,310.15,230.58,35.25,32.0,,,True
695,slab,slab_Exp2,slab_Exp2,Park et al. 2026,air,AD,16.47,0.44,,,,,,51.5,14.0,336.0,8893.92,310.15,230.58,28.81,32.0,,,True
696,slab,slab_Exp2,slab_Exp2,Park et al. 2026,core,Cored,16.47,0.44,,,,,,51.5,14.0,336.0,8893.92,310.15,230.58,28.73,32.0,,,False
697,slab,slab_Exp2,slab_Exp2,Park et al. 2026,standard,SC,16.47,0.44,,,,,,51.5,28.0,672.0,17787.84,572.11,461.16,36.24,32.0,,,True
698,slab,slab_Exp2,slab_Exp2,Park et al. 2026,air,AD,16.47,0.44,,,,,,51.5,28.0,672.0,17787.84,572.11,461.16,31.21,32.0,,,True
699,slab,slab_Exp2,slab_Exp2,Park et al. 2026,core,Cored,16.47,0.44,,,,,,51.5,28.0,672.0,17787.84,572.11,461.16,33.0,32.0,,,False
700,cube,cube_wc555,cube_wc555,This study (cube),standard,air,24.0,0.555,,,,,,,1.0,24.0,816.0,29.653769708182995,24.0,11.7,32.0,41.2,0.72,True
701,cube,cube_wc555,cube_wc555,This study (cube),standard,air,24.0,0.555,,,,,,,3.0,72.0,2448.0,88.96130912454899,72.0,22.0,32.0,41.2,0.72,True
702,cube,cube_wc555,cube_wc555,This study (cube),standard,air,24.0,0.555,,,,,,,7.0,168.0,5712.0,207.57638795728096,168.0,26.6,32.0,41.2,0.72,True
703,cube,cube_wc555,cube_wc555,This study (cube),standard,air,24.0,0.555,,,,,,,14.0,336.0,11424.0,415.1527759145619,336.0,28.5,32.0,41.2,0.72,True
704,cube,cube_wc555,cube_wc555,This study (cube),standard,air,24.0,0.555,,,,,,,28.0,672.0,22848.0,830.3055518291238,672.0,26.0,32.0,41.2,0.72,True
705,cube,cube_wc555,cube_wc555,This study (cube),standard,water,20.0,0.555,,,,,,,3.0,72.0,2160.0,72.0,60.0,24.8,32.0,41.2,0.72,True
706,cube,cube_wc555,cube_wc555,This study (cube),standard,water,20.0,0.555,,,,,,,7.0,168.0,5040.0,168.0,140.0,28.8,32.0,41.2,0.72,True
707,cube,cube_wc555,cube_wc555,This study (cube),standard,water,20.0,0.555,,,,,,,14.0,336.0,10080.0,336.0,280.0,31.3,32.0,41.2,0.72,True
708,cube,cube_wc555,cube_wc555,This study (cube),standard,water,20.0,0.555,,,,,,,28.0,672.0,20160.0,672.0,560.0,27.2,32.0,41.2,0.72,True
709,cube,cube_wc555,cube_wc555,This study (cube),core,core_indoor,41.2,0.555,,,,,,,28.0,672.0,22836.935983956748,841.220987170091,671.5389993315337,25.8,32.0,41.2,0.72,False
710,cube,cube_wc555,cube_wc555,This study (cube),core,core_outdoor,41.2,0.555,,,,,,,28.0,672.0,23859.67144007853,910.0284373127448,714.1529766699407,28.3,32.0,41.2,0.72,False
711,cube,cube_wc500,cube_wc500,This study (cube),standard,air,24.0,0.5,,,,,,,1.0,24.0,816.0,29.653769708182995,24.0,8.1,24.0,41.2,0.83,True
712,cube,cube_wc500,cube_wc500,This study (cube),standard,air,24.0,0.5,,,,,,,3.0,72.0,2448.0,88.96130912454899,72.0,18.9,24.0,41.2,0.83,True
713,cube,cube_wc500,cube_wc500,This study (cube),standard,air,24.0,0.5,,,,,,,7.0,168.0,5712.0,207.57638795728096,168.0,20.7,24.0,41.2,0.83,True
714,cube,cube_wc500,cube_wc500,This study (cube),standard,air,24.0,0.5,,,,,,,14.0,336.0,11424.0,415.1527759145619,336.0,21.7,24.0,41.2,0.83,True
715,cube,cube_wc500,cube_wc500,This study (cube),standard,air,24.0,0.5,,,,,,,28.0,672.0,22848.0,830.3055518291238,672.0,23.5,24.0,41.2,0.83,True
716,cube,cube_wc500,cube_wc500,This study (cube),standard,water,20.0,0.5,,,,,,,3.0,72.0,2160.0,72.0,60.0,19.3,24.0,41.2,0.83,True
717,cube,cube_wc500,cube_wc500,This study (cube),standard,water,20.0,0.5,,,,,,,7.0,168.0,5040.0,168.0,140.0,22.4,24.0,41.2,0.83,True
718,cube,cube_wc500,cube_wc500,This study (cube),standard,water,20.0,0.5,,,,,,,14.0,336.0,10080.0,336.0,280.0,23.4,24.0,41.2,0.83,True
719,cube,cube_wc500,cube_wc500,This study (cube),standard,water,20.0,0.5,,,,,,,28.0,672.0,20160.0,672.0,560.0,30.2,24.0,41.2,0.83,True
720,cube,cube_wc500,cube_wc500,This study (cube),core,core_indoor,41.2,0.5,,,,,,,28.0,672.0,22681.712748211383,831.4926629886148,665.0713645088067,29.9,24.0,41.2,0.83,False
721,cube,cube_wc500,cube_wc500,This study (cube),core,core_outdoor,41.2,0.5,,,,,,,28.0,672.0,24348.318316506768,949.9804064195496,734.5132631877827,24.8,24.0,41.2,0.83,False
722,cube,cube_wc600,cube_wc600,This study (cube),standard,air,24.0,0.6,,,,,,,1.0,24.0,816.0,29.653769708182995,24.0,3.5,18.0,37.9,0.92,True
723,cube,cube_wc600,cube_wc600,This study (cube),standard,air,24.0,0.6,,,,,,,3.0,72.0,2448.0,88.96130912454899,72.0,14.4,18.0,37.9,0.92,True
724,cube,cube_wc600,cube_wc600,This study (cube),standard,air,24.0,0.6,,,,,,,7.0,168.0,5712.0,207.57638795728096,168.0,13.9,18.0,37.9,0.92,True
725,cube,cube_wc600,cube_wc600,This study (cube),standard,air,24.0,0.6,,,,,,,14.0,336.0,11424.0,415.1527759145619,336.0,16.1,18.0,37.9,0.92,True
726,cube,cube_wc600,cube_wc600,This study (cube),standard,air,24.0,0.6,,,,,,,28.0,672.0,22848.0,830.3055518291238,672.0,14.9,18.0,37.9,0.92,True
727,cube,cube_wc600,cube_wc600,This study (cube),standard,water,20.0,0.6,,,,,,,3.0,72.0,2160.0,72.0,60.0,14.4,18.0,37.9,0.92,True
728,cube,cube_wc600,cube_wc600,This study (cube),standard,water,20.0,0.6,,,,,,,7.0,168.0,5040.0,168.0,140.0,16.6,18.0,37.9,0.92,True
729,cube,cube_wc600,cube_wc600,This study (cube),standard,water,20.0,0.6,,,,,,,14.0,336.0,10080.0,336.0,280.0,16.3,18.0,37.9,0.92,True
730,cube,cube_wc600,cube_wc600,This study (cube),standard,water,20.0,0.6,,,,,,,28.0,672.0,20160.0,672.0,560.0,19.5,18.0,37.9,0.92,True
731,cube,cube_wc600,cube_wc600,This study (cube),core,core_indoor,37.9,0.6,,,,,,,28.0,672.0,22617.916069558065,823.7446392156774,662.4131695649185,22.9,18.0,37.9,0.92,False
732,cube,cube_wc600,cube_wc600,This study (cube),core,core_outdoor,37.9,0.6,,,,,,,28.0,672.0,23572.62236855985,886.8170407812308,702.1925986899935,24.7,18.0,37.9,0.92,False
